一般侵權行為,general tort,一般侵權行為,ordinary acts of infringement,一般侵權行為,,,,,,,,,,
特殊侵權行為,special tort,特殊侵權行為,specific tort,特殊侵權行為,,,,,,,,,,
虛偽陳述,misrepresentation,虛偽意思表示/虛偽陳述/失實陳述,misstatement,錯誤陳述,false statement,虛偽的陳述,,,,,,,,
偽證,perjury,偽證,,,,,,,,,,,,
權利濫用,abuse of right,權利濫用,,,,,,,,,,,,
第三人異議之訴,third party action,第三人異議之訴,third party action against execution,第三人異議之訴,,,,,,,,,,
事實上處分權,de facto right of disposition,事實上處分權,,,,,,,,,,,,
登記,register,登記,registration,登記,registered,登記,,,,,,,,
侵害債權,claim damage/damage the claim,侵害債權,claim infringement,侵害債權,,,,,,,,,,
處分自己財產,dispose his/her own property,處分自己財產,appropriate his/her own property,處分自己財產,,,,,,,,,,
共同侵權行為,joint tort,共同不法行為,joint unlawful/illegal acts,共同不法行為,,,,,,,,,,
通謀行為,conspire(conspiracy),通謀,collude(collusion),通謀,,,,,,,,,,
過失造意,instigating due to negligence,過失造意,,,,,,,,,,,,
造意人之共同侵權行為,joint tort by instigators,造意人之共同侵權行為,instigator as joint tortfeasor,造意人作為共同侵權行為人,,,,,,,,,,
造意人,instigator,造意人,,,,,,,,,,,,
公務員侵權責任,tort liability of public officer,公務員侵權責任,the tort liability of public official,,,,,,,,,,,
民法第條之第三人,third party in civil code article 186,民法第186條之第三人,third party in civil law article 186,民法第186條之第三人,,,,,,,,,,
警械使用條例,act governing use of police weapons,警械使用條例,ordinance governing use of police weapons,警械使用條例,,,,,,,,,,
國家賠償,state compensation,國家賠償,,,,,,,,,,,,
法定代理人侵權責任,tort liability of statutory agent,法定代理人侵權責任,,,,,,,,,,,,
保護教養義務,duty to support,扶養義務,duty to protect and to educate,保護與教養義務,,,,,,,,,,
監護權無從行使,no way to exercise guardianship ,監護權無從行使,,,,,,,,,,,,
法定代理人之責任,responsibility of statutory agent,法定代理人之責任,liability of statutory agent,法定代理人(侵權)責任,,,,,,,,,,
不真正連帶債務,Unelchte Solidaritat,不真正連帶債務,Unechte Solidaritat,不真正連帶債務,,,,,,,,,,
僱傭關係,employment,僱傭(關係),,,,,,,,,,,,
動物占有人責任,liability of animal possessor,動物占有人(侵權)責任,,,,,,,,,,,,
動物保護法,animal protection act,動物保護法,,,,,,,,,,,,
工作物設置或保管欠缺,defective construction or insufficient maintenance in building or work,工作物設置或保管欠缺,defective construction or insufficient maintenance in building or structure,工作物設置或保管欠缺,,,,,,,,,,
國營事業,state business,國營事業,state-operated enterprise,國營企業,state/national enterprise,國營企業,,,,,,,,
與有過失,contributing to negligence,有份造成過失(疏忽),contributory fault,分擔過失,contributory negligence,與有過失,,,,,,,,
定作或指示過失,negligence in regard to the work ordered or the instructions,定作或指示過失,,,,,,,,,,,,
法人侵權行為能力,tort liability of judicial/legal persons,法人侵權責任(能力),tort capability of judicial/legal persons,法人侵權行為能力,,,,,,,,,,
動力車輛駕駛人,driver of motor vehicles which need not to be driven on tracks,動力車輛駕駛人,,,,,,,,,,,,
危險製造人責任,liability of damage causer,危險製造人,,,,,,,,,,,,
醫療行為,medical practice,醫療行為,,,,,,,,,,,,
共同侵權行為人,joint tortfeasor,共同侵權行為人,,,,,,,,,,,,
幫助人,accomplice,幫助人,,,,,,,,,,,,
僱用人侵權責任,tort liability of employer,僱用人侵權責任,,,,,,,,,,,,
僱用人之求償權,employer's right to reimbursement,僱用人之求償權,,,,,,,,,,,,
連帶債務之免除,release of joint and several obligation,連帶債務之免除,release of joint (and several) debt,,,,,,,,,,,
動力車輛駕駛人責任,liability of driver of motor vehicles which need not to be driven on tracks,動力車輛駕駛人責任,,,,,,,,,,,,
受僱人執行職務,employee's performance of duty,受僱人職務執行,employee's execution of duty,受僱人職務執行,employee performs his/her duty,,,,,,,,,
執行職務範圍,terms of duty performance,執行職務範圍,within the scope of their duties,執行職務範圍內,,,,,,,,,,
利用職務上機會,by exploiting such a position,利用職務上機會,abuse their power,利用職務上機會,take advantage of opportunities arising from job duties,利用職務上機會,,,,,,,,
舉證責任,burden of proof,舉證責任,,,,,,,,,,,,
商品輸入業者,importer of the merchandise,商品輸入業者,,,,,,,,,,,,
通常使用,common use,通常使用,ordinary use,通常使用,,,,,,,,,,
定作過失,negligence in the work ordered,,,,,,,,,,,,,
指示過失,negligence in instructions,指示過失,negligence in directions,指示過失,,,,,,,,,,
工作物,buildinf or work,工作物,work,工作物,,,,,,,,,,
建築物之成分,component parts of a building,建築物之成分,,,,,,,,,,,,
設置欠缺,defective construction,設置欠缺,,,,,,,,,,,,
保管欠缺,insufficient maintenance,保管欠缺,,,,,,,,,,,,
工作物所有人,owner of the building or work,工作物的所有人,,,,,,,,,,,,
一般危險責任,general strict liability,一般嚴格責任,general danger responsibility,一般危險責任,general risk liability,一般危險責任,,,,,,,,
危險工作或活動,dangerous work or activities,危險工作或活動,hazardous work or activities,危險工作或活動,,,,,,,,,,
事業經營人,business operator,事業人,entrepreneur/employer,事業者,,,,,,,,,,
工作物設置欠缺,defective construction in building or work,工作物設置欠缺,,,,,,,,,,,,
工作物保管欠缺,insufficient maintenance in building or work,工作物保管欠缺,,,,,,,,,,,,
工作物瑕疵,defect in the work,工作物有瑕疵,defect of work,工作物瑕疵,,,,,,,,,,
保護他人之法律,a statutory provision enacted for the protection of others,保護他人之法律,,,,,,,,,,,,
相當因果關係,relative causality ,相當因果關係,relative causation,相當因果關係,,,,,,,,,,
背於善良風俗之方法,in a manner against the rules of morals,以背於善良風俗之方法,,,,,,,,,,,,
損害,damage,損害,detriment,損害,,,,,,,,,,
個人法益,individual legal interest,個人法益,,,,,,,,,,,,
建築技術規則,construction technical regulation,建築技術規則,building technical regulation,建築技術規則,,,,,,,,,,
侵權行為,tort,侵權行為,tortious acts,侵權行為,,,,,,,,,,
損害賠償,damage compensation,損害賠償,damages,損害賠償,indemnity for damages,損害賠償,,,,,,,,
名譽權,(right to) reputation,名譽(權),personal reputation,名譽,fame,名譽,,,,,,,,
過失,negligence,過失,,,,,,,,,,,,
侵害,infringe(ment),侵害,damage,侵害,,,,,,,,,,
錯誤,mistake,錯誤,wrongful,錯誤,,,,,,,,,,
純經濟損失,pure economic loss,純經濟損失,,,,,,,,,,,,
承攬,hire of work,承攬,contract for work,承攬,subcontract,承攬,,,,,,,,
推定過失,presumed negligence,推定過失,,,,,http://www.i-taiwan.nat.gov.tw/bilingual/bl_showworddetails.asp?WT=1&Query=%B1%C0%A9w%B9L%A5%A2,,,,,,,
道路交通安全規則,road traffic safety rules,道路交通安全規則(法規資料庫),,,,,,,,,,,,
勞動能力,laboring capacity,勞動能力(法規資料庫),ability to work,勞動能力,labor ability,勞動能力,,,,,,,,
權利,right ,權利,,,,,,,,,,,,
防衛,defense,防衛,defend,防衛,,,,,,,,,,
阻卻違法,justifiable(cause),有理由支持的、合法的(阻卻違法事由),justify,具有正當理由,,,,,,,,,,
利益,interest,利益,profit/gain,利益,,,,,,,,,,
違法性,illegality,違法性,unlawful/illegal,違法,,,,,,,,,,
自由,freedom,自由,,,,,,,,,,,,
勞工保險,labor insurance,勞工保險,,,,,,,,,,,,
肖像權,right of publicity,肖像權,portrait,肖像(權),,,,,,,,,,
人格權,moral right,人格權,personality,人格權(法規資料庫),,,,,,,,,,
言論自由,freedom of speech,言論自由,,,,,,,,,,,,
物調款,price adjustment clause,物價調整條款,,,,,,,,,,,,
情事變更,changes of circumstances,境遇改變,a change in situation,處境改變,a change in circumstances,境遇改變,,,,,,,,
營造工程物價總指數,general index of construction cost,營造工程物價總指數,construction cost indices,營造工程物價指數,,,,,,,,,,
砂石風波,sandstone disturbances,砂石風波,,,,,,,,,,,,
砂石物價指數,price index of sand and gravel,砂石物價指數,,,,,,,,,,,,
砂石補償方案,a cost reimbursement contract of sand and gravel,砂石成本補償契約,a cost-plus contract of sand and gravel,砂石成本追加契約,,,,,,,,,,
基樁計價,the cost of piled foundations,基椿計價,,,,,,,,,,,,
實作實算,to pay for each completed unit of work,依完成的工作單元計價付費,,,,,,,,,,,,
危險負擔,risk bearing ,風險負擔,assumption of risk,危險負擔,,,,,,,,,,
地震,921 earthquake,921地震,,,,,,,,,,,,
遲延驗收,late inspection and acceptance,遲延驗收,late examination and acceptance,遲延驗收,,,,,,,,,,
瑕疵修補責任,duty to cure the defect,瑕疵修補責任,duty to remedy defect,瑕疵修補責任,,,,,,,,,,
合約終止,the termination of the contract,合約終止,to end the contract,終止契約,,,,,,,,,,
逾期違約金,default penalties for late payment,逾期給付之違約金,overdue penalties,逾期違約金,overdue fines,逾期違約金,,,,,,,,
分包契約,subcontract,分包契約,,,,,,,,,,,,
估驗款,payment estimate,估驗款,Estimate To Complete (ETC),估驗款,the estimated cost required to complete the remainder of the project,估驗款,,,,,,,,
停止條件,a suspensful condition,停止條件,a condition precedent,停止條件,,,,,,,,,,
清償期,expected date of repayment,期待清償之日期,the maturity of the debt,清償期屆滿,deadline for the performance,清償期,the debts are not yet due,未屆清償期之債權,maturity of the claim,債權已屆清償期,a debt has not yet matured,債務未屆清償期,
追加工程款,supplementary cost for the project,追加工程款,supplementary provision,追加備付款項,,,,,,,,,,
一式計價,lump sum ,為完成契約中某一工作項目，所需之一切工、料及附屬設施全部費用均算在內的計費方式,flat fee,一式計價,,,,,,,,,,
展延工期,extention of time,展延工期,time extention,展延工期,,,,,,,,,,
不完全給付,to perform the obligation incompletely,不完全給付,the incomplete performance,不完全給付,,,,,,,,,,
不當得利,unjust enrichment,不當得利,to acquire undue profit,不當得利,,,,,,,,,,
保留款,retention money,保留款,reservation clause,保留條款,,,,,,,,,,
消滅時效,the extinctive prescription,消滅時效,negatvie prescription,消滅時效,the extinguishment limitation of the claim,請求權的消滅時效,,,,,,,,
隧道開挖計價線,the pay line of tunnel excavation,隧道開挖計價線,,,,,,,,,,,,
物價指數,the price index,物價指數,,,,,,,,,,,,
崩塌責任,the responsibility for the collapse,崩塌責任,,,,,,,,,,,,
搶修款,urgent repair fee,搶修費用,urgent repair costs,搶修成本支出,,,,,,,,,,
瑕疵完工驗收,the correction of defects and acceptance tests,瑕疵完工驗收,,,,,,,,,,,,
保固,warranty,保固,guarantee bond,保固保證,maintenance bond,保固保證,,,,,,,,
轉包,subcontract,轉包契約,sublet,轉包,,,,,,,,,,
工程估驗款,payment for assessment works,工程估驗款,,,,,,,,,,,,
交屋,property settlement,財產讓渡,closing on a home ,"房屋買賣契約終結,交屋",possession date,交收日期,escrow,"履約保證, 須待條件完成後始能生效的情況",,,,,,
計價方式,pricing methods,計價方式,valuation methods,估價方式,,,,,,,,,,
逾期,overdue,逾期,expiration of the time limit,逾期,missing the deadline,逾期,,,,,,,,
跳島式施工 ?,island method of construction,島型施工法,,,,,,,,,,,,
土方計算,earthwork calculations,土方計算,cut and fill estimation,土方估計,cut and fill calculations,土方計算,,,,,,,,
一部清償,to perform in part,一部清償,to make partial performance,一部清償,,,,,,,,,,
變更設計,to modify design,變更設計,to change the design,變更設計,,,,,,,,,,
要徑作業,critical path activity,工程管理者找出耗時最久的一系列作業項目，以此路徑作為控制工作之要點，來進行工程管理與控制,,,,,,,,,,,,
遲延遷移,transport delay,遷移遲延,,,,,,,,,,,,
終止,to terminate,終止,,,,,,,,,,,,
停工補償,work-stoppage subsidy,停工補償,allowance for work stoppage,停工津貼,,,,,,,,,,
假設性工程計價,contingent project-costs estimation,假設性工程計價,,,,,,,,,,,,
風險分配,risk allocation,風險分配,risk distribution, 風險分配,,,,,,,,,,
推管工程,jacking method,頂管工法,pipejacking construction method,推管建築工法,,,,,,,,,,
道路拓寬,road widening,道路拓寬,to broaden the street,街道拓寬,,,,,,,,,,
數量差異,quantity difference,數量差異,quantity variance,數量差異,quantity discrepancy,數量差異,volume variance,,量的差異,,,,,
土方料源,sources of sand and gravel,土方來源,material sources of earthwork,土方料源,,,,,,,,,,
定型化契約,standard contracts,定型化契約,,,,,,,,,,,,
總價契約,fixed price contract,固定總價契約,lump-sum contract,總價契約,,,,,,,,,,
實作實算契約,unit price contract,實作實算契約　,,,,,,,,,,,,
使用執照請領,to apply for a usage license,使用執照請領,,,,,,,,,,,,
試車,test ride,試乘,,,,,,,,,,,,
逾期罰款,overdue penalty,逾期罰款,overdue fine,逾期罰款,,,,,,,,,,
估驗計價,valuation and estimation,估驗計價,,,,,,,,,,,,
剩餘土方,surplus sand and gravel,剩餘土方,surplus earth and gravel,剩餘土方,surplus soil,剩餘土方,,,,,,,,
棄土證明,a waste disposal certificate of approval,廢棄物處理許可證明,a certificate of approval for waste soil,棄土證明,,,,,,,,,,
總價結算契約,lump-sum contracts,總價契約,fixed-price contracts,固定價格契約,,,,,,,,,,
契約變更,the alternation of the contract,契約變更,to modify the contract,變更契約,the amendment to the contract,變更契約,,,,,,,,
遲延履約,default in performance of contract,遲延履約,a delay in performance of a contract,遲延履約,,,,,,,,,,
終止契約,to terminate the contract,終止契約,to end the contract,終止契約,,,,,,,,,,
工程瑕疵,construction defects,工程瑕疵,construction flaws,工程瑕疵,,,,,,,,,,
停工,a suspension of work,勒令停工，暫停工作,to stop working,停工,shut down ,停工,,,,,,,,
重新發包,reopen to bid,重新發包,to reopen the bidding process,重新發包,,,,,,,,,,
次承攬,subcontract,次承攬契約,,,,,,,,,,,,
違約金酌減,to reduce the penalties,違約金酌減,,,,,,,,,,,,
復工協議,back to work agreement,復工協議,,,,,,,,,,,,
履約保證金,performance bond,履約保證金,,,,,,,,,,,,
監督付款,supervision of customer payments,監督顧客付款,supervision of client payments,監督客戶付款,,,,,,,,,,
設計錯誤,design errors,設計錯誤,,,,,,,,,,,,
責任風險,responsibility risk,責任風險,,,,,,,,,,,,
法令變更,change of law,法律變更,change of decree,法令變更,legal change,法律變更,,,,,,,,
驗收加款,additional expense of inspection and acceptance,驗收加款,,,,,,,,,,,,
標單(單價分析表),list of award,決標單,tender documents(cost breakdown form),標單(單價分析表),bill of quantity forms,,詳細價目表(標單),,,,,,,
圖說,illustrated charts with explanatory notes,圖說,explanatory diagrams,圖說,explanatory notes,圖說,,,,,,,,
總價承包契約,lump-sum contracts,總價承包契約,fixed-price contracts,固定價格契約,,,,,,,,,,
總價決標,lump-sum award,總價決標,,,,,,,,,,,,
單價分析表,cost breakdown form,單價分析表,,,,,,,,,,,,
結算總價,clearing price,結算價,contract cost clearing,契約價結算,,,,,,,,,,
契約總價,total price of the contract,契約總價,total vaule of contract,契約總價值,,,,,,,,,,
受領遲延,to delay accepting the work,受領遲延,to delay taking delivery of goods,對運送物受領遲延,,,,,,,,,,
減價收受,inspection and acceptance via price reduction,減價收受,reception via price deduction,減價收受,,,,,,,,,,
質權消滅,extinguishment of pledge,質權消滅,,,,,,,,,,,,
砂石級配,soil gradation,砂石級配,,,,,,,,,,,,
統一土壤分類法,unified soil classification system,統一土壤分類法,,,,,,,,,,,,
營建剩餘土石方,construction surplus sand and gravel,營建剩餘土石方,construction produced soil,營建剩餘土石方,construction surplus earth and gravel,營建剩餘土石方,,,,,,,,
待工費用,waiting fee,待時費,waiting cost,等待費用,,,,,,,,,,
隧道出渣計價方式,charge method of mucking and removing ,出渣計價方式,charge method of spoil discharging during tunnel construction,隧道出渣計價方式,charge methods of tunnel-spoil handling and disposal,隧道出渣計價方式,,,,,,,,
工程保留款,construction retainage,工程保留款,,,,,,,,,,,,
漏項,missing items,漏項,,,,,,,,,,,,
自主品管制度,autonomous quality control,自主品管,autonomous quality assurance,自主品質保證,,,,,,,,,,
變更設計追加,the additional cost of design change,變更設計的追加經費成本,,,,,,,,,,,,
承認報酬請求權,to acknowledge the rights of claiming a reward,承認報酬請求權,to acknowledge the reward request,承認報酬請求,,,,,,,,,,
中斷時效,to interrupt the prescription,中斷時效,to interrupt ,中斷(請求權)時效,to interrupt the limited period for claiming payment,中斷時效,,,,,,,,
工期認定,to confirm the period of the project,工期認定,,,,,,,,,,,,
暫緩清償,to postpone the payment date,延後付款,to delay payemnt,延後付款,deferred payment,延期清償,,,,,,,,
瑕疵,flaw,瑕疵,fault,"缺點,毛病",defect,瑕疵,,,,,,,,
完工,to complete a project,完工,to finish works,完工,to finish the construction,完工,,,,,,,,
驗收,inspection and acceptance,驗收,to inspect and examine,檢驗,inspection,驗收,,,,,,,,
工程保固,project warranty ,工程保固,,,,,,,,,,,,
水災受損,flood damage,水災損害,water damage,水災損害,,,,,,,,,,
解除契約,rescind the contract,解除契約,to cancel a contract,解除契約,to dissolve a contract,解消契約,,,,,,,,
瑕疵修補,the repair of a defect,瑕疵修補,to remedy defects,修補瑕疵,defect repair,瑕疵修補,,,,,,,,
工程變更,changing of work,工作改變,change in the work,工作改變,engineering change,工程變更,,,,,,,,
契約範圍,the scope of a contract,契約範圍,,,,,,,,,,,,
設計圖樣,design patterns,設計圖樣,,,,,,,,,,,,
時效,prescription,時效,limitation,時效,limited duration,有限的一段時間,,,,,,,,
抵銷權行使,to exercise rights of set-off,行使抵銷權,,,,,,,,,,,,
契約解除,the rescission of the contract,契約解除,the rescission of the agreement,解除協議,,,,,,,,,,
保固金,deposit,保固押金,,,,,,,,,,,,
損害賠償,damages,損害賠償,injury,損害賠償,,,,,,,,,,
遲延給付,late performance,遲延給付,overdue performance,遲延給付,delay in performance,遲延給付,,,,,,,,
工作物瑕疵,defects of the work piece,工作物瑕疵,flaws of the working substance ,工作物瑕疵,,,,,,,,,,
重大變更,major alternation,重大變更,a sufficient change,重大變更,significant change,重大變更,,,,,,,,
契約同一性,the identical characteristics of the contract terms,契約同一性,,,,,,,,,,,,
變更施工法,to change the construction method,變更施工法,to modify the method of construction,變更施工法,to alter the construction method,變更施工法,,,,,,,,
先行使用,to use prior to ,先行使用,to use without the permission,在未經允許情形下使用,,,,,,,,,,
追加工程,additional works,追加工程款,,,,,,,,,,,,
替代施工費用,the cost of alternative work,替代施工費用,the expense of alternative work,替代施工費用,,,,,,,,,,
施工錯誤,construction mistakes,施工錯誤,construction errors,施工錯誤,,,,,,,,,,
送電證明,power connection certificate,送電證明,,,,,,,,,,,,
請求權時效,the limited period for claiming payment,請求權時效,,,,,,,,,,,,
保固期,warranted period,保固期,warranty period,保固期,,,,,,,,,,
尾款,balance payment,尾款,remaining payment,尾款,outstanding payment,尾款,final payment,最終付尾款,,,,,,
瑕疵擔保,warranty of defects,瑕疵擔保,the liabilities of warranty,瑕疵擔保,the liability on account of defects,瑕疵擔保,,,,,,,,
保管責任,duty of safekeeping,保管責任,safekeeping responsibility,保管責任,the duty to safekeep,保管責任,,,,,,,,
變更,to change,變更,to modify,變更,to alter,變更,,,,,,,,
工地物料所有權,ownership of materials at construction working/stock site,工地物料所有權,ownership of material at the working location,工地物料所有權,,,,,,,,,,
日報表,daily report,日報表,daily statement,日報表,daily sheet,日報表,,,,,,,,
工程進度,works schedule,工程進度,works programme,工程進度,job  progress,工程進度,progress of works,工程進度,project progress,工程進度,,,,
自行修補,self repair,自行修補,self restoration,自行修復,,,,,,,,,,
承攬與委任混合契約,hybrid contract of mandate and hire of work,委任與承攬混合契約,the mixed contract of mandate and hire of work,委任與承攬混合契妁,,,,,,,,,,
分包,subcontract,"分包, 轉包",to sublet,分包,,,,,,,,,,
日曆天,calendar day,日曆天,,,,,,,,,,,,
開工日期,starting date of a project,開工日期,date of commence,開工日期,,,,,,,,,,
建照核發,to issue the construction licence,核發建照,the issue of the construction license,建照核發,,,,,,,,,,
給付條件,the claiming criteria,給付條件,criteria for granting allowances,給付條件,entitled to apply for benefits,符合給付條件,,,,,,,,
工程補助款核撥,the allocation of works subsidy,工程補助款核撥,an appropriation of project subsidy,工程補助款核撥,,,,,,,,,,
工程管理費,management fees,工程管理費,project management costs,工程管理費,the expense of management,工程管理費,,,,,,,,
契約性質,the nature of the contract,契約性質,,,,,,,,,,,,
工作物供給契約,supply agreement of work piece,工作物供給契約,supply agreement of working substance,工作物供給契約,,,,,,,,,,
統包契約,turn-key contract,統包契約,,,,,,,,,,,,
總價承包,lump-sum undertaking,總價承包,fixed-price undertaking,總價承包,,,,,,,,,,
拒絕驗收,refuse to inspect and accept,拒絕驗收,refuse to examine and accept,拒絕驗收,,,,,,,,,,
承認,to accept,承認,to recognize,承認,to acknowledge,承認,to approve,表示同意,,,,,,
臺灣省營造工程物價指數（總指數）,construction cost indices of Taiwan Province,台灣省營造工程物價指數,,,,,,,,,,,,
默示承認,to recognize impliedly,默示承認,to acknowledge impliedly,默示承認,to accept impliedly,默示承認,to approve impliedly,默示承認,,,,,,
承攬與買賣混合契約,mixed contract of trading and hire of work,承攬與買賣混合契約,hybrid contract of trading and hire of work,承攬與買賣混合契約,,,,,,,,,,
連帶保證人履約,contract performance of joint guarantors,連帶保證人履約,,,,,,,,,,,,
契約終止,the termination of the contract,契約終止,to end the contract,終止契約,,,,,,,,,,
連帶保證人責任,the responsibility of joint guarantors,連帶保證人責任,the duty of joint guarantors,連帶保證人責任,,,,,,,,,,
工期變更,to change the period of construction,工期變更,to modify the period of construction,工期變更,,,,,,,,,,
逾期天數認定,to determine the days delayed for performance,逾期履約天數認定,to identify the days delayed,逾期天數認定,,,,,,,,,,
工作天,working days,工作天,workday,工作天,business day,工作天,,,,,,,,
給付遲延,delay in performance,給付遲延,late perfornance,遲延給付,overdue performance,遲延給付,,,,,,,,
執行假扣押,apply to the court for a provisional seizure of property,聲請法院執行假扣押,the execution of provisional seizure,假扣押之執行,the execution of provisional attachment,假扣押之執行,,,,,,,,
損鄰問題,construction damage of neighborhood,工程損鄰問題,neighbour disputes over construction damage,工程損鄰爭議,,,,,,,,,,
完工認定,to determine the completion of a construction contract,完工認定,to determine the completion of a project,完工認定,,,,,,,,,,
約定不辦理物調,price fixing agreement,以固定假格達成協議，不辦理物價調整,agreed not to adjust prices,約定不辦理物調,,,,,,,,,,
變更驗收方式,to change the ways of inspection and acceptance,變更驗收方式,to change the methods of inspection and acceptance,改變驗收方式,,,,,,,,,,
圖說不一致,inconsistency of explanatory diagrams,圖說不一致,inconsistency of explanatory notes,圖說不一致,inconsistency of explanatory charts,圖說不一致,,,,,,,,
基礎日(Base Date),base date,基礎日,reference day,基準日,baseline dates,基線日期,,,,,,,,
假設工程,temporary work,假設工程(建築物正式興建以前，在建地上的準備工作),falsework,假設工程，鷹架,,,,,,,,,,
無權占有,to possess something without authority,無權占有,,,,,,,,,,,,
主承攬,the main contract of hire of work,主承攬契約,the prime contract of hire of work,主承攬契約,the prime contractor,主承攬人,,,,,,,,
試運轉,test run,試運轉,commissioning,試運轉,trial operation,試運轉,,,,,,,,
第三人利益契約,third party beneficiaries,第三人利益契約,contracts for the benefit of the third party,第三人利益契約,third-party beneficiary contract,第三人利益契約,,,,,,,,
債務承擔,to assume the debt,承擔債務,to assume liabilities,承擔債務,to assume the obligation of the debtor,承擔債務人之債務,,,,,,,,
債權讓與,the assignment of creditors' rights,債權讓與之通知,the assignment of the claim,債權讓與之通知,to transfer a claim of an obligation,債權讓與之通知,,,,,,,,
時效、驗收,"presceiption, inspection and acceptance",時效，驗收,the limited period， examination and acceptance,時效，驗收,"the limited duration, inspection",時效，驗收,,,,,,,,
條件,the terms and conditions,條件,conditions,條件,,,,,,,,,,
工程款請求權,the claims for construction cost,工程款請求權,the right to claim for construction cost,工程款請求權,the right to claim for project funds,工程款請求權,,,,,,,,
業主協力義務,owner's duty of cooperation,業主協力義務,owner's obligation to give assistance,業主協力義務,,,,,,,,,,
契約終止權,right to terminate a contract,契約終止權,right to end a contract,契約終止權,,,,,,,,,,
意定終止,to terminate by the manifestation of intention,以意思表示終止,,,,,,,,,,,,
法定終止,statutory termination ,法定終止,to end in terms of statutory requirements,法定終止,,,,,,,,,,
契約解除權,the right to rescind the contract,契約解除權,the right to rescind the agreement,契約解除權,,,,,,,,,,
進場施工配合條件,teamwork conditions before starting construction,進場施工配合條件,cooperative conditions prior to starting construction,進場施工配合條件,,,,,,,,,,
分期估驗,estimation on a stage-by-stage basis,分期估驗,to set different dates for estimation,分期估驗,estimation carried out by stages,分期估驗,,,,,,,,
一式展延費用,lump-sum extention cost,一式展延費用,flat extention fee,一式展延費用,,,,,,,,,,
實支法,cash receipts and disbursement approach,實支單據法,cash receipts and disbursements method ,實支單據法,,,,,,,,,,
末期估驗款,Estimate At Completion (EAC),末期估驗款,the estimated cost of the project at the end of the project,末期估驗款,,,,,,,,,,
工程估價單,construction quotation,工程估價單,quotation for construction,工程估價單,,,,,,,,,,
設計圖說(圖說)效力,the effect of explanatory design diagrams,設計圖說效力,the effect of explanatory design notes,設計圖說效力,the effect of explanatory design charts,設計圖說效力,,,,,,,,
標單(工程估價單)效力,the effect of tender documents,標單效力,the effect of cost breakdown form,單價分析表（標單）效力,the effect of the bill of quantity forms,單價分析表(標單)效力,,,,,,,,
總價結算,to reckon up the total cost,總價結算,to count the total price,總價結算,to calculate the total price,總價結算,,,,,,,,
工期展延管理費用,management fees for the extention of construction project,工期展延管理費用,prolongation cost,展延時間成本,,,,,,,,,,
單價分析表效力,the effect of cost breakdown form,單價分析表效力,,,,,,,,,,,,
詳細價目表,bill of quantity forms,詳細價目表,,,,,,,,,,,,
單價決標,awarding by unit price,單價決標,,,,,,,,,,,,
以成本外加報酬計價,cost-plus-fee pricing,成本報酬式計價,,,,,,,,,,,,
統包式計價,turn-key pricing,統包式計價,,,,,,,,,,,,
實作實算契約(單價契約),unit price contract,單價契約,,,,,,,,,,,,
契約定性,contract characterization,契約定性,characterization of contract,契約定性,,,,,,,,,,
逾期完工,late completion,逾期完工,overdue completion,逾期完工,,,,,,,,,,
不動產製造物供給契約,a subcontract agreement of real estate purchase,不動產買賣承攬契約,,,,,,,,,,,,
承攬契約,the contract of hire of work,承攬契約,undertaking contracts,承攬契約,freight forwarding contract,運送承攬契約,,,,,,,,
包工包料方式,turn-key ways,包工包料方式,,,,,,,,,,,,
所有權移轉,tranfer of the ownership,所有權移轉,land title transfer,土地所有權移轉,property rights transfer,財產權移轉,,,,,,,,
協力義務,obligation to give assistance,協力義務,duty of cooperation,協助義務,,,,,,,,,,
漏列,omission,遺漏,,,,,,,,,,,,
單價分析表誤載,errors in the cost breakdown form,單價分析表內的錯誤,mistakes in the cost breakdown form,單價分析表內的錯誤,,,,,,,,,,
計價單位,charge unit,計價單位,,,,,,,,,,,,
工期展延所生費用,extention fees for construction projects,工期展延所生費用,,,,,,,,,,,,
風險,risk,風險,danger,危險,,,,,,,,,,
情勢變更,change in circumstances,環境改變,a change in situation,情勢改變,the change of circumstance,環境改變,,,,,,,,
工地交付(提供),job-site delivery,工地交付,on-site delivery,現場交付,on-the-spot delivery,現場交付,,,,,,,,
下腳料,tailings,在加工過程中殘餘的廢油料,leftover bits and pieces,在加工過程中殘餘的物料,offal,食品加工後殘餘的物料,shorts,加工小麥後剩下的麥麩及粗粉,off-cuts,下腳料,rejected material,不良品,,
剩餘材料,surplus material,剩餘材料,remaining material,剩餘材料,excessive material,過多的材料,,,,,,,,
所有權歸屬,delineation of ownership,所有權之描述,delineation of property rights,財產權之描述,,,,,,,,,,
第三人清償債務,to pay off the debt by the third party,第三人清償債務,to discharge liabilities by the third party,第三人清償債務,a third party satisfies the debt,第三人清償債務,,,,,,,,
不能未遂,impossibility defense,,,,,,,,,,,,,
不能犯,defendant who raised in impossibility ,,,,,,,,,,,,,
不能發生犯罪之結果,the act could not have consummated the offence,,,,,,,,,,,,,
無危險,not dangerous,,,,,,,,,,,,,
未遂犯,criminal attempts,,,,,,,,,,,,,
障礙未遂,complete but imperfect attempt,,,,,,,,,,,,,
普通未遂,imcomplete criminal attempts,,,,,,,,,,,,,
具體危險,substantive dangerousness,,,,,,,,,,,,,
抽象危險,abstractive dangerousness,,,,,,,,,,,,,
中止犯,voluntarily abandonment defense,,,,,,,,,,,,,
中止未遂,abandonment,,,,,,,,,,,,,
著手中止,abandonment,,,,,,,,,,,,,
實行中止,quasi-desistance from an attemp,準中止未遂,,,,,,,,,,,,
準中止犯,quasi-desistance from an attemp,準中止未遂,,,,,,,,,,,,
預備,preparation,,,,,,,,,,,,,
陰謀,conspiracy,,,,,,,,,,,,,
共同正犯之中止,abandonment of joint principal,,,,,,,,,,,,,
未遂幫助,attempt to aid,,,,,,,,,,,,,
幫助未遂,attempt to aid,,,,,,,,,,,,,
陷害教唆,entrapment defense,誘捕偵查,,,,,,,,,,,,
著手實行,attempt,,,,,,,,,,,,,
實行行為,perform,,implement,,execute,,,,,,,,,
賠償義務人,Indemnifier,,,,,,,,,,,,,
發行人,issuer,,,,,,,,,,,,,
負責人,Responsible persons,,,,,,,,,,,,,
交易因果關係,Transaction uausation,,,,,,,,,,,,,
損失因果關係,Loss Causation,,,,,,,,,,,,,
不實公開說明書,False prospectus,,,,,,,,,,,,,
證券詐欺,Securities Fraud,,,,,,,,,,,,,
資訊不實,Information inaccurate,,,,,,,,,,,,,
故意,intentionally,, knowingly,,,,,,,,,,,
公開說明書,Prospectus,,,,,,,,,,,,,
主要內容,material contents,,,,,,,,,,,,,
財務預測,financial projections,,,,,,,,,,,,,
財務報表,financial reports,,,,,,,,,,,,,
知悉,becoming aware of,,knowing,,,,,,,,,,,
消滅時效,extinctive prescription,,,,,,,,,,,,,
證券交易所,stock exchange,,,,,,,,,,,,,
商務仲裁,Commercial arbitration,,,,,,,,,,,,,
終止上市,Terminate the listing,,,,,,,,,,,,,
上市契約,contract for public listing,,,,,,,,,,,,,
不當得利,unjust enrichment,,,,,,,,,,,,,
交割結算金,Delivery of settlement payments,,,,,,,,,,,,,
融資融券契約,margin loan and stock loan contracts,,,,,,,,,,,,,
交割結算基金,clearing and settlement fund,,,,,,,,,,,,,
禁止場外交易,Prohibition of OTC (Outside the field trades),,,,,,,,,,,,,
取締規定,Ban provisions,,,,,,,,,,,,,
證券商,securities firms,,,,,,,,,,,,,
當日,on the day,,,,,,,,,,,,,
善意從事相反買賣之人,trading counterparts who took the opposite-side trade with bona fide intent,,,,,,,,,,,,,
內線交易,insider trading,,,,,,,,,,,,,
賠償請求權人,who is entitled to claim for the injury,,,,,,,,,,,,,
操縱行為,manipulative acts,,,,,,,,,,,,,
交易因果關係,Transaction uausation,,,,,,,,,,,,,
公開說明書虛偽不實之民事責任,Prospectus of untruthful Civil Liability,,,,,,,,,,,,,
資訊不實之民事責任,False information on Civil Liability,,,,,,,,,,,,,
損失因果關係,Loss Causation,,,,,,,,,,,,,
欺騙市場理論,fraud-on-the-market theory ,,,,,,,,,,,,,
財務預測,financial projections,,,,,,,,,,,,,
公開說明書,prospectus,,,,,,,,,,,,,
證券詐欺,Securities Fraud,,,,,,,,,,,,,
資訊不實,Information inaccurate,,,,,,,,,,,,,
短線交易,short-swing trading,,,,,,,,,,,,,
歸入權,Disgorgement,,,,,,,,,,,,,
大股東,Major shareholder,,,,,,,,,,,,,
持有公司股份超過百分之十,holding more than ten percent of the total shares of the company,,,,,,,,,,,,,
差價利益,profit differential,,price difference,,,,,,,,,,,
最高賣價減最低買價法,The highest selling price minus the minimum purchase price method,,,,,,,,,,,,,
融資,margin purchases,,,,,,,,,,,,,
會計師簽證或查核不實,Accountant gets visa or checks not really,,,,,,,,,,,,,
因果關係,Causation,,,,,,,,,,,,,
私募,private placemen,,,,,,,,,,,,,
私募有價證券,private placement of securities,,,,,,,,,,,,,
私募有價證券應募人,Private placement of securities should raise ,,,,,,,,,,,,,
轉售之限制,Resale restrictions,,,,,,,,,,,,,
取締規定,Ban provisions,,,,,,,,,,,,,
效力規定,Potency stipulation ,,,,,,,,,,,,,
不實財務報告書,Fraudulent Financial Report ,,,,,,,,,,,,,
損益相抵,counteract of profit and loss,,,,,,,,,,,,,
侵權行為,torts,,tortious act,,,,,,,,,,,
內線交易,insider trading,,,,,,,,,,,,,
平等取得資訊原則,disclose or abstain rule,,,,,,,,,,,,,
內部人,Insider,,,,,,,,,,,,,
重大消息,Material Information,,,,,,,,,,,,,
當日善意從事相反買賣之人,trading counterparts who on the day of the violation undertook the opposite-side trade with bona fide intent,,,,,,,,,,,,,
損害賠償,injury arising therefrom,,damages,,compensation of damages,,,,,,,,,
違法經營丙種墊款業務,Illegal business gamma advances business,,,,,,,,,,,,,
公司負責人,representative director,,representative executive officer,,,,,,,,,,,
公開發行,Public,,,,,,,,,,,,,
影響市場秩序,affect the market order,,,,,,,,,,,,,
不履行交割,fail to perform settlement,,,,,,,,,,,,,
有價證券,securities,,negotiable instrument,,negotiable instrument of value,,document of title,,,,,,,
公開招募,Offer public,,,,,,,,,,,,,
申報核准,supplementary filing has been made and approved,,,,,,,,,,,,,
申報生效,effective registration,,,,,,,,,,,,,
非公開發行,Non-Public,,,,,,,,,,,,,
證券業務,Securities Business,,,,,,,,,,,,,
投資顧問,investment advisor,,,,,,,,,,,,,
外國公司之股票,The stocks of foreign companies,,,,,,,,,,,,,
偽造之有價證券,Forgery of securities,,,,,,,,,,,,,
操縱市場,manipulate the market,,,,,,,,,,,,,
證券詐欺,Securities Fraud,,,,,,,,,,,,,
意圖抬高或壓低,with the intent to inflate or deflate the trading prices,,,,,,,,,,,,,
操縱股票價格之意圖,Intention to manipulate the stock price,,,,,,,,,,,,,
連續以高價買入或以低價賣出,To continuously buy at high prices or sell at low prices,,,,,,,,,,,,,
連續買賣,Continuous trading,,,,,,,,,,,,,
委託書規則,Power of attorney rules,,,,,,,,,,,,,
行使偽造文書,The exercise of forgery ,,,,,,,,,,,,,
刑事責任,Criminal responsibility,,,,,,,,,,,,,
證券投資顧問事業,Establishment of Securities Investment Consulting Enterprises,,,,,,,,,,,,,
未經許可不得經營證券業務,Do not manage the negotiable securities service without the permission,,,,,,,,,,,,,
經紀,Brokerage,,,,,,,,,,,,,
承銷,Underwriting,,,,,,,,,,,,,
投顧,Investment adviser,,,,,,,,,,,,,
證金,Margin ,,,,,,,,,,,,,
證券商,securities firms,,,,,,,,,,,,,
有價證券買賣居間,Securities trading intermediary,,,,,,,,,,,,,
募集,public offer ,,offering,,,,,,,,,,,
非公開發行股票,Stock by Non-Public,,,,,,,,,,,,,
抬高或壓低有價證券交易價格,Elevation or depression of prices of securities transactions,,,,,,,,,,,,,
其他操縱行為,Other manipulation,,,,,,,,,,,,,
資訊不實,Information inaccurate,,,,,,,,,,,,,
不履行交割,fail to perform settlement,,,,,,,,,,,,,
間接正犯,mittelbare T?terschaft,,Indirect Accomplice,,,,,,,,,,,
足以影響市場秩序,is sufficient to affect the market order,,,,,,,,,,,,,
操縱股價,Manipulation of stock prices,,,,,,,,,,,,,
炒作股價,Hypes the stock price,,,,,,,,,,,,,
股友社,Fellow stockholder society,,,,,,,,,,,,,
自行或以他人名義,his own account or under the names of other parties,,in the person's own name or in the name of another,,,,,,,,,,,
證券投資顧問事業,Establishment of Securities Investment Consulting Enterprises,,,,,,,,,,,,,
沖洗買賣,wash sale,,,,,,,,,,,,,
形式所有權,Form of ownership,,,,,,,,,,,,,
實質所有權,Substantial ownership,,,,,,,,,,,,,
重大消息,Material Information,,,,,,,,,,,,,
成立,Incorporation,,establishment,,execution,,effect,,formation,,,,,
利用未成年子女持有者,Uses the underage children holder,,,,,,,,,,,,,
內線消息,insider information,,,,,,,,,,,,,
獲悉,Learn,,,,,,,,,,,,,
公開,opening to the public,,disclosure,,,,,,,,,,,
內線交易,insider trading,,,,,,,,,,,,,
內部人,Insider,,,,,,,,,,,,,
未參與公司實際營運之董事,Not involved in the directors of the company's actual operations,,,,,,,,,,,,,
公開時點,certain point in time,,,,,,,,,,,,,
主觀意圖,Subjective intent,,,,,,,,,,,,,
確定時點,uncertain timing,,,,,,,,,,,,,
財務預測,financial projections,,,,,,,,,,,,,
發行人,issuer,,publisher ,,,,,,,,,,,
營業收入,operating revenue,,,,,,,,,,,,,
居間,Brokerage,,,,,,,,,,,,,
違法經營證券業務,Illegal operation of securities business,,,,,,,,,,,,,
證券業務,Securities Business,,,,,,,,,,,,,
證券商,securities firms,,,,,,,,,,,,,
未上市、未上櫃股票,non-listed or non-OTC-listed stocks,,,,,,,,,,,,,
非法經營銀行業務,Illegal to carry on banking business,,,,,,,,,,,,,
返還本金,return the principal,,,,,,,,,,,,,
現金,Cash,,ready money ,,,,,,,,,,,
國內外匯兌業務,domestic or foreign remittances,,,,,,,,,,,,,
大陸地區,Mainland Area,,,,,,,,,,,,,
人民幣,Renminbi ,,,,,,,,,,,,,
非銀行,Non-bank,,,,,,,,,,,,,
收受存款,Accept Deposits,,,,,,,,,,,,,
匯兌行為,Exchange rate behavior ,,,,,,,,,,,,,
差價,difference in price ,,,,,,,,,,,,,
與本金顯不相當,Pay… in an excessive amount,,,,,,,,,,,,,
吸收資金,obtain capital ,,,,,,,,,,,,,
詐欺,fraud,,,,,,,,,,,,,
違背職務,breach of official duties ,,,,,,,,,,,,,
銀行負責人,Responsible Persons of Banks ,,,,,,,,,,,,,
背信,breach of trust,,,,,,,,,,,,,
侵占,Encroachment,,encroach,,,,,,,,,,,
行為負責人,the persons responsible for the offense,,,,,,,,,,,,,
董監事最低持股成數,Minimum holding of directors and supervisors into a number of,,,,,,,,,,,,,
財務、業務及股權變動之公開,"Financial, business and changes in ownership of public",,,,,,,,,,,,,
未經許可不得經營證券業務,Do not manage the negotiable securities service without the permission,,,,,,,,,,,,,
經紀,Brokerage,,,,,,,,,,,,,
承銷,Underwriting ,,,,,,,,,,,,,
投顧,Investment adviser ,,,,,,,,,,,,,
證金,Margin ,,,,,,,,,,,,,
取得股份逾百分之十,Acquisition of shares over 10%,,,,,,,,,,,,,
共同取得,acquire jointly,,,,,,,,,,,,,
內部人,Insider ,,,,,,,,,,,,,
轉讓,Transfer,,,,,,,,,,,,,
設質,Pledge ,,,,,,,,,,,,,
董監事最低持股比率,Minimum shareholding ratio of the directors and supervisors,,,,,,,,,,,,,
法人代表人,representatives of the juristic person,,,,,,,,,,,,,
董事、監察人股權成數,Director and Supervisor Share Ownership Ratios,,,,,,,,,,,,,
補足義務,Complement the obligations ,,,,,,,,,,,,,
重編財務報告,the financial reports shall be remade ,,,,,,,,,,,,,
會計師查核簽證,Auditing and Attestation of… by Certified Public Accountants,,,,,,,,,,,,,
為行為之負責人,the individual person responsible for the act ,,,,,,,,,,,,,
行政裁量濫用,Abuse of administrative discretion,,,,,,,,,,,,,
內部人,Insider ,,,,,,,,,,,,,
申報義務人,Applicant,,,,,,,,,,,,,
法人董事之代表人,The representative of the corporate directors ,,,,,,,,,,,,,
公開收購,tender offer,,tender offer bid,,,,,,,,,,,
共同取得,acquire jointly,,,,,,,,,,,,,
釋字第號解釋,J.Y.Interpretation No. 586,,,,,,,,,,,,,
農會信用部,credit departments of farmers associations,,,,,,,,,,,,,
分支機構,Branch Units,,,,,,,,,,,,,
營業,business,,operation,,,,,,,,,,,
核准,Approval,,,,,,,,,,,,,
商業銀行,Commercial Banks ,,,,,,,,,,,,,
承受擔保物之處分,Under the disposition of the collateral ,,,,,,,,,,,,,
同一關係人,Same Concerned Party ,,,,,,,,,,,,,
同一人,A Same Person ,,,,,,,,,,,,,
農會信用部,credit departments of farmers associations,,,,,,,,,,,,,
授信限額,the amount of the aforesaid connected credit extension,,,,,,,,,,,,,
農會信用部,credit departments of farmers associations ,,,,,,,,,,,,,
概括承受,generally assuming ,,,,,,,,,,,,,
法律保留原則,Principle of Power Reservation,,,,,,,,,,,,,
比例原則,principle of proportionality ,,,,,,,,,,,,,
金融危機,Financial crisis ,,,,,,,,,,,,,
問題銀行,Problem banks ,,,,,,,,,,,,,
信用合作社,credit cooperatives ,,,,,,,,,,,,,
存款保險,Deposit Insurance ,,,,,,,,,,,,,
擠兌,Runs,,,,,,,,,,,,,
雙方代理之禁止,Prohibition of the two sides agent,,,,,,,,,,,,,
權利瑕疵擔保,defects liability of right,權利瑕疵擔保責任,redhibition action,因瑕疵而解除契約,,,,,,,,,,
權利瑕疵,the defects of right,權利的瑕疵,indefective right,無瑕疵的權利,,,,,,,,,,
基地重覆使用,the base is disignated repeatedly,基地被重複指定,reuse of the statuory vacant space ,法定空地的再用,,,,,,,,,,
損害賠償,compensation for damage,損害賠償,damages suit,損害賠償之訴,obligation of comoensation for damage,損害賠償之債,,,,,,,,
占用鄰地,unlawful detainer of adjoining land,鄰地的不法占用,make use of adjacent land without a right,無權使用鄰地,,,,,,,,,,
瑕疵,defects,瑕疵,original damaged cargo,瑕疵品,,,,,,,,,,
瑕疵擔保,defects liability ,瑕疵擔保責任,original damaged cargo,瑕疵品,,,,,,,,,,
不完全給付,incomplete performance,不完全的給付,,,,,,,,,,,,
競合,coincidence,巧合或同時發生,conflict of articles,法條的衝突,,,,,,,,,,
補正瑕疵,correct the defects,修正瑕疵,,糾正瑕疵,rectify the defects,,,,,,,,,
債務不履行,non-performance of obligation,債務不履行,waiver of obligation,債務免除,breach of one's legal duty,不履行之法律責任,,,,,,,,
種類之債,kinds of obligation,種類之債,,,,,,,,,,,,
特定物,specific object,特定標的物,sale of specific goods,特定物之買賣,,,,,,,,,,
契約成立前,Before the contract constituted,契約成立之前,execution of contract,契約生效,essence of the contract,契約成立要件,,,,,,,,
同時履行抗辯權,perform affirmative deffenses coincidentaly,在同時履行相等的防禦權,,,,,,,,,,,,
瑕疵之發生,the defects take place,瑕疵發生,,,,,,,,,,,,
給付不完全,perform incompletely,給付不完全,incomplete performance,不完全的給付,,,,,,,,,,
積極侵害債權,positively trespass to obligation,積極地侵害債權,,,,,,,,,,,,
加害給付,injury performance,加害給付,,,,,,,,,,,,
特定物之買賣,sale of specific goods,特定物之買賣,specific object,特定標的物,,,,,,,,,,
契約成立時,the moment that a contract forms,契約成立的時點,,,,,,,,,,,,
契約成立後,after the contract constituted,契約成立之後,,,,,,,,,,,,
對待給付之抗辯,defense of counter-prestation,對待給付的抗辯,,,,,,,,,,,,
暫時性之抗辯,transient defense,暫時的抗辯,,,,,,,,,,,,
同時履行抗辯,have affirmative deffense at the same time,在同時有一個相等的防禦權,,,,,,,,,,,,
種類之買賣,the thing sold is a thing designated only as to its kind,僅指定種類的買賣之物,,,,,,,,,,,,
補正,correction/rectification,補正,,,,,,,,,,,,
瑕疵補正,repair the defect,修復缺陷,,,,,,,,,,,,
法定空地,statutory vacant space of a building ,建築物的法定空置空間,,,,,,,,,,,,
顯失公平,an obvious unfairness ,明顯的不公平,,,,,,,,,,,,
解除契約,rescind the contract,解除契約,,,,,,,,,,,,
瑕疵重大,the defect is serious,瑕疵是重大的,,,,,,,,,,,,
法條競合說,the theory of overlapping civil statutes,民法法條重疊的理論,,,,,,,,,,,,
請求權競合說, the?theory of overlapping civil claims?,民事請求權重疊的理論,,,,,,,,,,,,
請求權相互影響說,the?theory of  interactive civil claims?,民事請求權互相作用的理論,,,,,,,,,,,,
請求權規範競合說,the theory of overlapping civil claims and overlapping civil statutes.,民事請求權重疊和民法法條重疊的理論,,,,,,,,,,,,
誠信原則,principles of good faith,誠信的原則,,,,,,,,,,,,
危險移轉,the danger passes,危險移轉,,,,,,,,,,,,
重大瑕疵,the serious defect,嚴重的瑕疵,,,,,,,,,,,,
解約,rescission,解約,,,,,,,,,,,,
契約解除,rescission of contract,契約的解除,,,,,,,,,,,,
數量短少之瑕疵,defect in shortage,數額短缺的瑕疵,,,,,,,,,,,,
檢查通知義務,be under obligation to examine and notify,有檢查和通知的義務,,,,,,,,,,,,
物之瑕疵,a defect in the thing,東西的瑕疵,,,,,,,,,,,,
物之瑕疵擔保,product warranty liability,產品保証責任,,,,,,,,,,,,
凶宅,Houses that had had murders or killings happen to them,有謀殺案發生過的房子,,,,,,,,,,,,
非自然身故,accidental death,意外死亡,,,,,,,,,,,,
解除,discharge,解除,,,,,,,,,,,,
拒絕受領,refuse to accept,拒絕接受,,,,,,,,,,,,
第三人代服勞務,a third party performs the services in the employee's place,第三人代服勞務,,,,,,,,,,,,
平等對待原則,principle of equal treatment,平等對待原則,,,,,,,,,,,,
怠忽工作,neglect of duty or orders,怠忽職守或命令,neglect of work,怠忽工作,,,,,,,,,,
主觀說,subjective theory,主觀說,,,,,,,,,,,,
客觀說,objective theory,客觀說,,,,,,,,,,,,
怠忽職守,neglect of duty,怠忽職守,,,,,,,,,,,,
忠誠履行勞務給付,perform the services faithfully,忠誠履行勞務給付,,,,,,,,,,,,
不能勝任工作,unable to perform his/her duties,不堪勝任工作,,,,,,,,,,,,
加班費,overtime pay,加班費,premium pay,加班費,payment for additional work,加班費,,,,,,,,
特別休假,special leave of absence,特別休假,annual leave,特別休假(年假),,,,,,,,,,
工資,wage,工資,,,,,,,,,,,,
經常性給與,regular payments,經常性給與,,,,,,,,,,,,
擬制工資,constructive wage,擬制工資,,,,,,,,,,,,
夜點費 (夜勤津貼),night differential pay,夜間加給(夜勤薪酬),,,,,,,,,,,,
勞工升任經理人,labor promoted to manager,勞工升任為經理人,,,,,,,,,,,,
經理人,manager,經理人,,,,,,,,,,,,
委任,mandate,委任,delegation,委任,appointment,委任,,,,,,,,
僱傭,hire of services,僱傭,,,,,,,,,,,,
兵役期間,period of military service,兵役期間,time for military service,服兵役期間,,,,,,,,,,
從屬性,subordinate relation,從屬性(從屬關係),appurtenant nature,從屬性質,dependency/subordination,從屬性,,,,,,,,
勞工,labor,勞工,worker,勞工,,,,,,,,,,
公務員兼具勞工身分,civil servant who also has the legal status of a worker,公務員兼具勞工身分者,,,,,,,,,,,,
定期契約,fixed term contract,定期契約,,,,,,,,,,,,
聘用人員,contract-based personnel,聘用人員,personnel,聘用人員,contract-based employee,聘用人員,,,,,,,,
公營事業移轉民營,privatization of government-owned enterprises,公營事業移轉民營,conversion of state owned enterprises into private enterprises,公營事業移轉民營,,,,,,,,,,
退休,retirement,退休,,,,,,,,,,,,
經濟上從屬性,economically(financially) subordinate,經濟上從屬,,,,,,,,,,,,
承攬契約,contract of hire of work,承攬契約,,,,,,,,,,,,
勞務專屬性,exclusive character of  services,勞務專屬性,specificity of services,勞務專屬性,,,,,,,,,,
第三人代服勞務,a third party performs the services in the employee's place,第三人代服勞務,,,,,,,,,,,,
競業禁止,non-compete (clause),競業禁止(條款),non-competition covenant to ex-employees,離職後競業禁止條款,,,,,,,,,,
營業秘密,trade secret,營業秘密,,,,,,,,,,,,
職業選擇自由,freedom of choice of occupation,職業選擇自由,employee's freedom,職業選擇自由,freedom of choosing occupation,職業選擇自由,,,,,,,,
工作權,right to work,工作權,right of work,工作權,,,,,,,,,,
定型化契約,standard contract,定型化契約,,,,,,,,,,,,
附合契約,adhesion contract,附合契約,,,,,,,,,,,,
違約金,penalty,違約金,,,,,,,,,,,,
最低服務年限,minimum service years,最低服務年限,,,,,,,,,,,,
派遣,dispatch,派遣,delegate,派遣,,,,,,,,,,
承攬,hire of work,承攬,,,,,,,,,,,,
雙重勞動關係,double labor relationship,雙重勞動關係,,,,,,,,,,,,
雇主,employer,雇主,,,,,,,,,,,,
僱傭,hire of services,僱傭,,,,,,,,,,,,
從屬性,subordinate relation,從屬性(從屬關係),appurtenant nature,從屬性質,dependency/subordination,從屬性,,,,,,,,
多重雇主,multiple employers,多重雇主,,,,,,,,,,,,
雙重勞動關係,double labor relationship,雙重勞動關係,,,,,,,,,,,,
雇主,employer,雇主,,,,,,,,,,,,
試用期間,(on) probation,試用期,probation(ary) period,試用期,,,,,,,,,,
試用期間限制,probation(ary) period limitation,試用期間限制,,,,,,,,,,,,
終止保護,termination of protection,終止保護,,,,,,,,,,,,
懲戒解僱,disciplinary discharge,懲戒性解僱,,,,,,,,,,,,
情節重大,in a severe way,情節重大者,grossly,情節重大,serious,情節重大,,,,,,,,
工作規則,work rules,工作規則,,,,,,,,,,,,
勞動契約,labor contract,勞動契約,,,,,,,,,,,,
最後手段,ultima ratio,最後手段(性),,,,,,,,,,,,
曠工,be absent from work,曠工,,,,,,,,,,,,
請假,leave of absence,請假,leave taking,請假,leave,請假,,,,,,,,
代班,to take (over) another's shift,代班,,,,,,,,,,,,
業務緊縮,business contracted,業務緊縮,business contraction,業務緊縮,,,,,,,,,,
虧損,operating loss,虧損,loss,虧損,,,,,,,,,,
歇業,cease to operate,歇業,closedown,歇業,wind up his business,歇業,,,,,,,,
經濟性解僱,dismissal due to economic/financial problem,經濟上解僱,discharge due to economic/financial problem,經濟性解僱,,,,,,,,,,
業務性質變更,a change in business nature,業務性質變更,,,,,,,,,,,,
安置適當工作,assign (sb to another) suitable position,安置適當工作,,,,,,,,,,,,
社會正當性,social legitimacy,社會正當性,social justifiability,社會正當性,,,,,,,,,,
預告期間,advance notice period,預告期間,,,,,,,,,,,,
最後手段,ultima ratio,,,,,,,,,,,,,
組織調整,organizational restructure,組織調整,,,,,,,,,,,,
不能勝任工作,unable to perform his/her duties,不堪勝任工作,,,,,,,,,,,,
曠工,be absent from work,曠工,,,,,,,,,,,,
工作年資,service period,工作年資,service seniority,工作年資,seniority of service,工作年資,,,,,,,,
同一事業單位,one and the same business entity,同一事業單位,,,,,,,,,,,,
年資併計,inclusion of seniority,年資併計,,,,,,,,,,,,
兵役年資,military service seniority,兵役年資,seniority of military service,兵役年資,,,,,,,,,,
留職停薪,unpaid leave,留職停薪,suspend himself/herself from job without pay,留職停薪,retain the position without pay,留職停薪,,,,,,,,
權數年資,weight seniority,,,,,,,,,,,,,
結清年資,settle and clear seniority of service,結清年資,,,,,,,,,,,,
定期契約,fixed term contract,定期契約,,,,,,,,,,,,
因故停止履行,termination (a contract) for cause,因故停止履行(契約),,,,,,,,,,,,
退休,retirement,退休,,,,,,,,,,,,
終止,terminate,終止,,,,,,,,,,,,
自請退休,voluntary retirement,自請退休,mandatory retirement,自請退休/屆齡退休,,,,,,,,,,
工作時間,working hours,工作時間,,,,,,,,,,,,
休息時間,recess,休息時間,break,休息(時間),,,,,,,,,,
延長工時,extended working hours,延長工時,,,,,,,,,,,,
特別工作時間,special working hours,特別工作時間,,,,,,,,,,,,
通勤災害,commuting injury,通勤災害,,,,,,,,,,,,
職業災害,occupational accidents,職業災害,employment/work injury,職業災害,industrial accident,職業災害,,,,,,,,
過失相抵,comparative negligence,過失相抵,contributory negligence,過失相抵(與有過失),,,,,,,,,,
定期契約,fixed term contract,定期契約,,,,,,,,,,,,
繼續性,continuous,繼續性(的),,,,,,,,,,,,
特定性,special,特定性(的),specificity,特定性,,,,,,,,,,
調職,transfer,調職,,,,,,,,,,,,
調職五原則,five principles of transfer,調職的五個原則,,,,,,,,,,,,
權利濫用,abuse of right,權利濫用,,,,,,,,,,,,
調職合理性,reasonableness of transfer,調職的合理性,,,,,,,,,,,,
合理性,reasonableness,合理性,,,,,,,,,,,,
工作規則,work(ing) rules,工作規則,working terms and conditions,工作規則,,,,,,,,,,
不利益變更,disadvantage prohibition,不利益變更禁止原則,a change to disadvantage,不利益變更,a disadvantageous change/alteration,不利益的變更,,,,,,,,
工作規則核備,working rules examination and reference,工作規則核備,,,,,,,,,,,,
懲戒解僱,disciplinary discharge,懲戒性解僱,,,,,,,,,,,,
違反工作規則情節重大,in serious violation of work(ing) rules,違反工作規則情節重大,,,,,,,,,,,,
勞務專屬性,exclusive character of  services,勞務專屬性,specificity of services,勞務專屬性,,,,,,,,,,
定型化契約,adhesion contract,定型化契約,,,,,,,,,,,,
誠信原則,principle of good faith,誠信原則,,,,,,,,,,,,
顯失公平,be obviously unfair,顯失公平,obviously unfair juristic act,顯失公平民事行為,,,,,,,,,,
平等互惠,equality and mutual benefit,平等互利,treaties of trade and friendship on the basis of equality and reciprocity,平等互惠友好通商條約,,,,,,,,,,
定型化契約條款,the clauses adhesion contract,定型化契約,,,,,,,,,,,,
契約之目的難以達成,be hard to reach the purpose of contract,契約之目的難以達成,,,,,,,,,,,,
審閱期間,time period of inspection,審視期間,,,,,,,,,,,,
保證契約,contract of guarantee,保證契約,guarantee,保證書,liability for guarantee,保證責任,,,,,,,,
消費者,consumer,消費者,consumer protection,消費者保護,consumer's sovereignty,消費者自主權,,,,,,,,
消費關係,the relation of consumption,消費的關係,consumer and producer,消費者與製造者,,,,,,,,,,
居間契約,intermediary contract,居間契約,intermediary,居間人,,,,,,,,,,
委託銷售契約書,contract of commission sale,委託銷售契約書,commission part,委託方,letter of authorization,授權書或委託書,,,,,,,,
訪問買賣,visiting sale,訪問買賣,,,,,,,,,,,,
消費者,consumer,消費者,consumer protection,消費者保護,consumer's sovereignty,消費者自主權,,,,,,,,
解除契約,cancel contract,解除契約,right to rescind the contract,解除契約的權利,compensation for cancellation of contracts,解除契約補償費,,,,,,,,
混合契約,severable contract,混合契約,,,,,,,,,,,,
猶豫期間,warranty period,鑑賞期,,,,,,,,,,,,
除斥期間,limitation,除斥期間,,,,,,,,,,,,
會員權買賣,the sale of member's right,會員權買賣,,,,,,,,,,,,
最終消費,the ultimate consumption,最終消費,the ultimate consumer,最終消費者,,,,,,,,,,
商品責任,liability of merchandise,商品之責任,,,,,,,,,,,,
與有過失,contributory negligence,與有過失,,,,,,,,,,,,
以生產為目的之商品,the merchandise of producing purpose,生產目的之商品,,,,,,,,,,,,
服務責任,liability of service,服務責任,,,,,,,,,,,,
懲罰性賠償金,exemplary damages,懲罰性賠償金,punitive damages,懲罰性損害賠償,penalty price,懲罰價格,,,,,,,,
消費訴訟,consuming action,消費訴訟,,,,,,,,,,,,
消費,consumption,消費,,,,,,,,,,,,
消費者（同）,consumer,消費者,consumer protection,消費者保護,consumer's sovereignty,消費者自主權,,,,,,,,
消費關係,the relation of consumption,消費的關係,consumer and producer,消費者與製造者,,,,,,,,,,
廣告,advertisement,廣告,advertising contract,廣告契約,,,,,,,,,,
企業經營者,enterprise of operator,企業經營者,enterprise operation,企業經營,business management,企業管理,,,,,,,,
要約,offer/pollicitation,要約,offerer/promiser,要約人,,,,,,,,,,
要約引誘,invitation to offer,要約引誘,lapse of offer,要約失效,,,,,,,,,,
預售屋,pre-sale house,預售屋,,,,,,,,,,,,
消費訴訟 （同）,consuming action,消費訴訟,,,,,,,,,,,,
懲罰性賠償金 （同）,exemplary damages,懲罰性賠償金,punitive damages,懲罰性損害賠償,penalty price,懲罰價格,,,,,,,,
消費者或第三人,consumer or the third party,消費者或第三人,producer,生產者或製造者,,,,,,,,,,
商品責任（同）,liability of merchandise,商品之責任,,,,,,,,,,,,
服務責任 （同）,liability of service,服務責任,,,,,,,,,,,,
企業經營者,enterprise of operator,企業經營者,enterprise operation,企業經營,business management,企業管理,,,,,,,,
仲介契約,intermediary contract,仲介契約,,,,,,,,,,,,
服務責任（同、）,liability of service,服務責任,,,,,,,,,,,,
無過失責任,liability without fault,無過失責任,non-fault condition,無過失情形,non-fault and compensation law,無過失補償法,,,,,,,,
醫療行為,medical treatment,醫療行為,medical negligence,醫療過失,,,,,,,,,,
危險事業或活動,dangerous undertaking or act,危險事業或活動,,,,,,,,,,,,
商品責任,liability of merchandise,商品之責任,,,,,,,,,,,,
企業經營者,enterprise of operator,企業經營者,enterprise operation,企業經營,business management,企業管理,,,,,,,,
經銷,distribution,經銷,distribution license,經銷許可證,distributorship agreement,經銷協議,,,,,,,,
代辦汽車保險,agent of automobile insurance,代辦汽車保險,factor,代辦人,overriding commission,代辦傭金,,,,,,,,
醫療疏失,medical negligence,醫療過失,,,,,,,,,,,,
經銷商,dealer/sales agency/distributor,經銷商,assignment of marketing right,經銷權轉讓,dealer's license,經銷商執照,,,,,,,,
消費者,consumer,消費者,consumer protection,消費者保護,consumer's sovereignty,消費者自主權,,,,,,,,
最終消費,the ultimate consumption,最終消費,the ultimate consumer,最終消費者,,,,,,,,,,
法人,corporation,法人,capacity for responsibility of juristic person,法人的責任能力,leagal capacity of juristicperson,法人的權利能力,,,,,,,,
租用商品,rent a merchandise,租用商品,,,,,,,,,,,,
消費者保護法公布施行,enforce the law of consumer protection,施行消費者保護法,,,,,,,,,,,,
廣告不實,deceptive advertisement,廣告不實,supervision of advertising,廣告管理,advertisement regulation act,廣告管理法,,,,,,,,
不溯及既往,non-retroactivity,不溯及既往,retroactivity,追溯效力,,,,,,,,,,
負責之時點,the time of holding a responsibility,負責任之時點,,,,,,,,,,,,
告知義務,duty of disclosure,告知義務,obligation to inform,告知義務,duty to inform,告知義務,,,,,,,,
詐欺之方法,(by) ways of fraud/fraudulence,(以)詐欺之方法,,,,,,,,,,,,
證據能力,admissibility of evidence,證據能力(證據地可接納性),qualification of evidence,證據能力,,,,,,,,,,
自白,confess(ion),自白,admit/admission,自白,,,,,,,,,,
蓄意規避,try to avoid answering,故為規避,,,,,,,,,,,,
緘默權,right to remain silent,緘默權,right to silence,緘默權,,,,,,,,,,
不正訊問方法,undue method of examination/interrogation,不正訊問方法,improper means of examination/interrogation,不正之訊問方法,,,,,,,,,,
自白之任意性,voluntary confession,自白任意性,,,,,,,,,,,,
相當程度懷疑,subatantially suspect,相當程度懷疑,substantial suspicion,相當程度的懷疑,probable cause,合理懷疑,,,,,,,,
自由意志,free will,自由意志,,,,,,,,,,,,
不正方法取供,to  extract confession by improper means,以不正方法取供,,,,,,,,,,,,
證明方法,method of proof,證明方法,,,,,,,,,,,,
檢察官之舉證責任,burden of proof of public prosecutor,檢察官的舉證責任,,,,,,,,,,,,
不正方法,undue method,不正方法,improper means ,不正之方法,,,,,,,,,,
刑求抗辯,defense of extracting confession by torture,刑求抗辯,,,,,,,,,,,,
傳聞法則,hearsay rule,傳聞法則,,,,,,,,,,,,
詰問權,right of question,詰問權,right of examination,詰問權,,,,,,,,,,
舉證責任,burden of proof,舉證責任,,,,,,,,,,,,
供述之任意性,voluntariness of statement,供述任意性,voluntariness of implication,供述(表達含意)任意性,statement made under one's free will,供述任意性,,,,,,,,
不正之方法,undue method,不正方法,improper means ,不正之方法,,,,,,,,,,
自由陳述,freely state,自由陳述,freely testify,自由陳述,,,,,,,,,,
被告之身體,person of the accused,被告之身體,body of the accused,被告之身體,,,,,,,,,,
任意性,voluntariness,任意性,,,,,,,,,,,,
自白法則,confession rule,自白法則,,,,,,,,,,,,
偵訊筆錄任意性,voluntariness of investigaiton and written statement,偵訊與筆錄任意性,voluntariness of investigation and record,偵訊與筆錄任意性,,,,,,,,,,
陳述之任意性,voluntariness of statement,陳述之任意性,,,,,,,,,,,,
交保,bail,交保,,,,,,,,,,,,
利誘,inducement,利誘,,,,,,,,,,,,
自由意思,free will,自由意志,,,,,,,,,,,,
從輕量刑,light(er) circumstances of sentence,從輕量刑,,,,,,,,,,,,
合法之偵訊作為,legal inquiry/investigation,合法的偵訊,lawful inquiry/investigation,合法的偵訊,,,,,,,,,,
裁量權限,discretion,裁量權,authority of discretion,裁量權權限,,,,,,,,,,
供述證據,statement evidence,供述證據,,,,,,,,,,,,
意思決定自由,freedom to determine,意思決定的自由,,,,,,,,,,,,
證據使用之禁止,prohibiton of use of evidence,證據使用之禁止,evidence is not admissible,證據使用禁止,,,,,,,,,,
審判外之自白,freedom out of trial,審判外之自由,,,,,,,,,,,,
證人詰問,examination of a witness,證人訊問,,,,,,,,,,,,
任意性與真實性,voluntariness and truth,任意性與真實性,voluntariness and sincerity,任意性與誠實性,,,,,,,,,,
因果關係,causation,因果關係,,,,,,,,,,,,
調查必要性,necessity of investigation,調查必要性,,,,,,,,,,,,
實質正當法律程序,substantive due process of law,實質正當法律程序,,,,,,,,,,,,
證明之方法,method of proof,證明之方法,,,,,,,,,,,,
任意性方法,method of voluntariness,任意性的方法,,,,,,,,,,,,
證據使用禁止,prohibiton of use of evidence,證據使用之禁止,exclusion of evidence,證據禁止,,,,,,,,,,
不正之利誘,improper offer of inducement,不正之利誘,improper inducement,不正之利誘,,,,,,,,,,
協議,agreement,協議,consultation/consult,協議,,,,,,,,,,
具體求刑,request sentence specifically,具體求刑,specific sentence requested,具體所求之刑,,,,,,,,,,
量刑,sentencing,量刑,determination of punishment,量刑,determination of sentencing,量刑,,,,,,,,
脅迫,threat,脅迫,,,,,,,,,,,,
不正之訊問方法,undue method of examination/interrogation,不正訊問方法,improper means of examination/interrogation,不正之訊問方法,,,,,,,,,,
主觀之自由意思,subjective free will,主觀之自由意思,,,,,,,,,,,,
補強證據,corroborating evidence,補強證據,corroborative evidence,補強證據,,,,,,,,,,
公平正義之維護,maintaining justice,維護公平正義,maintenance of justice,公平正義之維護,,,,,,,,,,
被告利益,interest of the accused,被告之利益,,,,,,,,,,,,
職權調查,ex officio investigate,依職權調查,,,,,,,,,,,,
非任意性,involuntariness,非任意性,,,,,,,,,,,,
刑求之抗辯,defense of extracting confession by torture,刑求抗辯,,,,,,,,,,,,
仲裁判斷效力,binding arbitration,有約束力的仲裁,,,,,,,,,,,,
撤銷仲裁判斷之訴,setting aside,判斷之撤銷,discontinuance of arbitral award,仲裁判斷的撤銷(訴訟),an abatement of an action of arbitral award,仲裁判斷之撤銷之訴,,,,,,,,
仲裁判斷,arbitral award,仲裁裁決,arbitral tribunal,仲裁判斷,,,,,,,,,,
仲裁人職權,the authority of arbitrator,仲裁人之權力,the duty of arbitrator,仲裁人之職務,,,,,,,,,,
決定事項,the decision of arbitration,仲裁的決定,the item of arbitration,仲裁事項,,,,,,,,,,
撤銷假扣押裁定,quash the decree of sequester,撤銷假扣押的裁定,garnishment,假扣押,,,,,,,,,,
涉外仲裁契約,foreignal arbitration contract,外國的仲裁契約,,,,,,,,,,,,
國際商務,international commerce,國際商務,,,,,,,,,,,,
國際貿易,international trade,國際貿易,international commerce,國際商務,,,,,,,,,,
仲裁條款,arbitration clause,仲裁條款,,,,,,,,,,,,
仲裁協議,arbitral agreement,仲裁協議,,,,,,,,,,,,
停止訴訟程序,suspension of proceedings,訴訟程序中止,,,,,,,,,,,,
仲裁條款獨立性原則,the independent validity of an arbitration clause,仲裁條款的獨立效力,,,,,,,,,,,,
仲裁條款之效力,the validty of arbitrtion clause,仲裁條款之效力,,,,,,,,,,,,
仲裁條款之效力範圍,the validty of arbitrtion clause,仲裁條款之效力,,,,,,,,,,,,
外國仲裁判斷執行,the enforcement of foreign arbitral award,外國仲裁判斷之執行,the execution of foreign arbitral award,外國仲裁判斷之執行,,,,,,,,,,
停止執行,suspension of execution,停止執行,,,,,,,,,,,,
仲裁契約,arbitration contract,仲裁契約,,,,,,,,,,,,
續訂新約,renew a new contract,續訂新契約,,,,,,,,,,,,
仲裁合意,arbitral agreement,仲裁協定,,,,,,,,,,,,
書面,in written form,書面,,,,,,,,,,,,
確認訴訟,affirmative lawsuit,確認訴訟,,,,,,,,,,,,
妨訴抗辯權,demurrer ,抗辯,,,,,,,,,,,,
合意仲裁,arbitral agreement,仲裁協定,,,,,,,,,,,,
指定仲裁人,designated arbitrator,指定仲裁人,,,,,,,,,,,,
仲裁地,seat of arbitration,仲裁地點,arbitration tribunal,仲裁法庭,,,,,,,,,,
指定管轄法院,designated jurisdiction,指定管轄,,,,,,,,,,,,
仲裁判斷執行,the enforcement of arbitral award,仲裁判斷之執行,,,,,,,,,,,,
撤銷仲裁判斷,discontinuance of arbitral award,仲裁判斷的撤銷(訴訟),,,,,,,,,,,,
不附理由,no additional reasons,無附加理由,,,,,,,,,,,,
商務仲裁,commercial arbitration,商務仲裁,,,,,,,,,,,,
仲裁判斷書,arbitral judgment,仲裁判決,,,,,,,,,,,,
理由不備,no valid reason,無正當理由,,,,,,,,,,,,
終結仲裁程序,close the arbitration proceedings,結束撤銷程序,,,,,,,,,,,,
仲裁程序,arbitration procedure,仲裁程序,,,,,,,,,,,,
仲裁庭,arbitration tribunal,仲裁法庭,jurisdiction of arbitral tribunal,仲裁庭管轄權,,,,,,,,,,
選任仲裁人,the appointment of arbitrator,仲裁人之指派,,,,,,,,,,,,
仲裁規則及程序,the rule and procedure of arbitration,仲裁之規則與程序,,,,,,,,,,,,
國際仲裁協會,international arbitration bord,國際仲裁委員會,international arbitration commission,國際仲裁委員會,international arbitration commission,國際仲裁機構,,,,,,,,
非機構仲裁,non-institutional arbitration,非機構仲裁,institutional arbitration,機構仲裁,,,,,,,,,,
外國仲裁契約,foreignal arbitration contract,外國的仲裁契約,,,,,,,,,,,,
商務仲裁條例,the regulation of commercial arbitration,商務仲裁之條例,,,,,,,,,,,,
國際仲裁,international arbitration,國際仲裁,,,,,,,,,,,,
衡平法則,the principle of equitity,衡平原則,maxim of equity,衡平法準則,,,,,,,,,,
程序選擇權,the right to choose procedure,程序處分權,,,,,,,,,,,,
國際商務仲裁模範法,uncitral model law on international commercial arbitration,,,,,,,,,,,,,
妨訴抗辯,demurrer ,抗辯,,,,,,,,,,,,
信用狀,a letter of credit,信用狀,,,,,,,,,,,,
信用狀統一慣例,the uniform customs of a letter of credit,信用狀的統一慣例,,,,,,,,,,,,
間接給付,inderect delivery,間接交貨,,,,,,,,,,,,
同時履行抗辯權,perform affirmative deffenses coincidentaly,在同時履行相等的防禦權,,,,,,,,,,,,
國際貿易,international trade,國際貿易,international commerce,國際商務,,,,,,,,,,
習慣,custom,習慣,,,,,,,,,,,,
法理,legal principles,法律原則,legal theory,法律理論,,,,,,,,,,
目的地,destination,目的地,,,,,,,,,,,,
出口價格,the price of export,出口價格,,,,,,,,,,,,
離岸價格,free on board price,離岸價格,,,,,,,,,,,,
交貨單據,delivery order,交貨單,,,,,,,,,,,,
提單,a bill of lading,載貨證券,marine bill of lading,海運提單,,,,,,,,,,
載貨證券,a bill of lading,提單,,,,,,,,,,,,
押匯單據,document  draft,押匯匯票,,,,,,,,,,,,
運送物,cargo,貨物,merchandise,商品,,,,,,,,,,
FOB,free on board,離岸,,,,,,,,,,,,
損害賠償,compensation for damage,損害賠償,damage suit,損害賠償之訴,,,,,,,,,,
應交付時,delivery time,交付時點,,,,,,,,,,,,
不清潔單據,unclean bill ,不清潔單據,unclean bill of lading,不清潔提單,,,,,,,,,,
不清潔載貨證券,unclean bill of lading,不清潔提單,foul bill of lading,不清潔提單,claused bill of lading,不清潔提單,,,,,,,,
信用狀受益人,a credit party ,信用狀受益人,beneficiary of letter of credit,信用狀受益人,,,,,,,,,,
託收,apply for collection,託收,,,,,,,,,,,,
託收指示書,collectionorder,託收委託書,bill for collection,託收票據,remittance letter,託收委託書,,,,,,,,
託收統一規則,uniform rules for collections,託收統一規則,,,,,,,,,,,,
單據,document,文據,bill,單,,,,,,,,,,
國際商會,international chamber of commerce,國際商會ICC,,,,,,,,,,,,
裝箱單,packing list,裝箱單,,,,,,,,,,,,
寄單銀行,remitting bank,匯款銀行,,,,,,,,,,,,
付款交單,documents against payment,付款交單,,,,,,,,,,,,
信用狀交付,delivery of letter of credit,信用狀之交付,,,,,,,,,,,,
貨物裝運,delivery of goods,貨物運送,cargo packing,貨物裝載,,,,,,,,,,
執行職務,perform one's duty,執行職務,,,,,,,,,,,,
遲延,delay,遲延,delay of performance,遲延給付,,,,,,,,,,
詐欺,defraud,詐欺,fraudulent act,詐欺行為,,,,,,,,,,
繼續性契約,a standing contract,繼續契約,,,,,,,,,,,,
國際買賣契約,international contract for sale,國際買賣契約,,,,,,,,,,,,
單據瑕疵,defects of bill,單據的瑕疵,,,,,,,,,,,,
拒付通知,protest note,拒付通知,,,,,,,,,,,,
複合運送提單,combined transport bill of lading,複合運送提單,,,,,,,,,,,,
運送單據,bill of delivery,運送單據,,,,,,,,,,,,
運送人,carrier,運送人,,,,,,,,,,,,
承攬運送人,carrier of contract for work,承攬運送人,non-vessel operating common carrier,無船公共運送人,ocean transportation intermediaries,海上運輸中間人,,,,,,,,
航空運送人,air carrier,,,,,,,,,,,,,
簽約運送人,the carrier of signatory contract,簽約的運送人,,,,,,,,,,,,
實際運送人,actual carrier,,,,,,,,,,,,,
運送提單,bill of delivery,運送單據,,,,,,,,,,,,
空運提單,air waybill ,空運提單,,,,,,,,,,,,
國際航空運輸公約單據,international air transport bill,國際航空運輸單,,,,,,,,,,,,
Air Waybill,air waybill,空運提單,,,,,,,,,,,,
主提單,master air waybill,空運主題單,,,,,,,,,,,,
Master Air Waybill,master air waybill,空運主題單,,,,,,,,,,,,
AWB,air waybill,空運提單,,,,,,,,,,,,
分提單,house air waybill,空運分提單,,,,,,,,,,,,
House Air Waybill,house air waybill,運輸商空運提單,,,,,,,,,,,,
HAWB,house air waybill,運輸商空運提單,,,,,,,,,,,,
瑕疵,defect,瑕疵,original damage cargo,瑕疵品,,,,,,,,,,
運送,deliver,運送,carry,運送,,,,,,,,,,
遲延責任,liability of delay,遲延責任,,,,,,,,,,,,
滌除遲延責任,wash the liability of delay away,滌除遲延責任,,,,,,,,,,,,
裝船通知,advice of shipment,裝船通知,,,,,,,,,,,,
信用狀有效期,date of validity of letter of credit,信用狀有效期限,,,,,,,,,,,,
開發信用狀,open a letter of credit,開立信用狀,,,,,,,,,,,,
裝船期,time of shipment,裝船期,shipping date,裝船日,,,,,,,,,,
開狀銀行,the bank which opens a letter of credit,,,,,,,,,,,,,
信用狀之有效期限,date of validity of letter of credit,信用狀有效期限,,,,,,,,,,,,
匯票付款申請書,remittance letter,匯款通知單,remittance bill,匯款票據,,,,,,,,,,
驗貨單,acceptance certificate,驗收單,,,,,,,,,,,,
見票即付,payable at sight,見票即付,,,,,,,,,,,,
裝運日,shipping date,裝船日,time of shipment,裝船期,,,,,,,,,,
預估發票,estimated invoice,估計的發票,,,,,,,,,,,,
商業發票,commercial invoice,商業發票,commercial bill,商業票據,,,,,,,,,,
背書,endorse,背書,back check,背書支票,endorse writ,背書令狀,,,,,,,,
外國通用貨幣給付,pay in foreign currency,以外國貨幣給付,,,,,,,,,,,,
未經認許之外國法人,unrecognized foreign juristic person,未被認可的外國法人,,,,,,,,,,,,
代理,angency,代理,angent,代理人,authority of angency,代理權,,,,,,,,
債務不履行,non-performance of obligation,債務不履行,,,,,,,,,,,,
證券文義性,the facts concerning the carriage are determined by the tenor of the bill of lading,運送事項依提單之記載,,,,,,,,,,,,
繳回證券,return the bill,歸還證券,,,,,,,,,,,,
C&F,cost and freight,含運費價格,,,,,,,,,,,,
承攬運送,deliver of tract for work,承攬契約的運送,,,,,,,,,,,,
委任契約,designated contract,委任的契約,,,,,,,,,,,,
國際匯款契約,international contract of remittance,國際匯款契約,,,,,,,,,,,,
寄託契約,contract of bailment,寄託契約,,,,,,,,,,,,
押匯,negotiation ,洽購,,,,,,,,,,,,
合理期間,reasonable length of time,合理期間,,,,,,,,,,,,
相當時間,reasonable length of time,合理期間,,,,,,,,,,,,
嚴格一致原則,principal of strict agreement,嚴格一致原則,,,,,,,,,,,,
CIF,"Cost, Insurance & Freight",含保險與運費,,,,,,,,,,,,
華沙公約,warsaw convention,華沙公約,,,,,,,,,,,,
FIATA,federation international des association de transitaireset assimiles,國際承攬業者聯盟,,,,,,,,,,,,
國際航空運輸公約,international air transport agreement,國際航空運輸協定,,,,,,,,,,,,
D/P 條件付款,Documents against Payments,付款交單,Documents against Payment at sight,即期付款交單,Documents against Payment after sight,遠期付款交單,,,,,,,,
運送契約,contract of carriage,運輸契約,,,,,,,,,,,,
直放提單,surrendered bill of lading,電放提單,,,,,,,,,,,,
電放提單,surrendered bill of lading,電放提單,,,,,,,,,,,,
準據法,applicable law,準據法,,,,,,,,,,,,
國際私法之定性,the characterization of international private law,國際私法之定性,,,,,,,,,,,,
涉外民事法律適用法,application of law in civil relations involving foreign elements,涉外民事法律適用法,,,,,,,,,,,,
第三人利益契約,third party beneficiary contract,第三人利益契約,stipulation in favor of a third party,第三人利益條款,,,,,,,,,,
委任契約,contract of mandate,委任契約,letter of appointment,委任書,act of commission,委任行為,,,,,,,,
國際匯款契約,international contract of remittance,國際匯款契約,,,,,,,,,,,,
定性,characterization,定性,,,,,,,,,,,,
寄託契約 （同）,contract of bailment,寄託契約,,,,,,,,,,,,
電匯,telegraphic exchange,電匯,telegraphic trasfer rate,電匯匯率,,,,,,,,,,
出口託收,outward collection ,出口託收,application for documentary bills for collection,出口託收申請書,acceptance created against export collection,出口託收承兌,,,,,,,,
託收,apply for collection,託收,,,,,,,,,,,,
信用狀 （同）,a letter of credit,信用狀,,,,,,,,,,,,
押匯,negotiation ,洽購,,,,,,,,,,,,
三角貿易,triangular trade,三角貿易,triangular barter trade,三角易貨貿易,three-cornered exchange,三角套匯,,,,,,,,
載貨證券,a bill of lading,提單,,,,,,,,,,,,
託運人,shipper,託運人,,,,,,,,,,,,
受貨人,cargo accepter ,貨物領受人,,,,,,,,,,,,
受通知人,notified party,被通知人,notifier,通知人,,,,,,,,,,
出口商,exporter,出口商,export agent,出口商代理人,export house,出口商行,,,,,,,,
運送契約（同）,contract of carriage,運輸契約,,,,,,,,,,,,
開狀銀行（同）,the bank which opens a letter of credit,,,,,,,,,,,,,
受益人,beneficiary in favor of,受益人,beneficiary,受益方,,,,,,,,,,
單據審查,vouchers examination,單據審查,,,,,,,,,,,,
嚴格一致原則（同）,principal of strict agreement,嚴格一致原則,,,,,,,,,,,,
合理時間,reasonable length of time,合理期間,,,,,,,,,,,,
相當時間,reasonable length of time,合理期間,,,,,,,,,,,,
表面相符,apparent compliance,表面相符,strict compliance,嚴格相符,,,,,,,,,,
嚴格相符,strict compliance,嚴格相符,apparent compliance,表面相符,,,,,,,,,,
FOB,free on board,離岸(價格),,,,,,,,,,,,
C&F,cost and freight,成本加運費價,,,,,,,,,,,,
運送人,carrier,運送人,,,,,,,,,,,,
留置,retention or lien,留置,right of lien,留置權,lienor,留置權人,,,,,,,,
運費先付,freight prepaid,運費先付,freight forward,運費到付,,,,,,,,,,
運費到付,freight forward,運費到付,freight prepaid,運費先付,,,,,,,,,,
承攬運送,carriage of contract for work,承攬運送,,,,,,,,,,,,
國際商務,international commerce,國際商務,,,,,,,,,,,,
託收統一規則,uniform rules for collections,託收統一規則,,,,,,,,,,,,
託收銀行,collection bank,託收銀行,remitting bank,匯款銀行,,,,,,,,,,
Collecting Bank,collection bank,託收銀行,,,,,,,,,,,,
代收銀行,presenting bank,提示銀行,,,,,,,,,,,,
提示銀行,presenting bank,提示銀行,,,,,,,,,,,,
Presenting Bank,presenting bank,提示銀行,,,,,,,,,,,,
D/P,documents against payment,付款交單,,,,,,,,,,,,
Principal,principal,當事人,,,,,,,,,,,,
Remitting Bank,collection bank,託收銀行,,,,,,,,,,,,
Against payment,documents against payment,付款交單,,,,,,,,,,,,
Documents,documents against payment,付款交單,,,,,,,,,,,,
付款交單,documents against payment,付款交單,,,,,,,,,,,,
本人,principal,當事人,in person,親自,party concerned,當事人,,,,,,,,
買賣確認書,letter of confirmation of sale,買賣確認書,,,,,,,,,,,,
信用狀交付,delivery of letter of credit,信用狀之交付,,,,,,,,,,,,
買賣契約,contract of sale,買賣契約,,,,,,,,,,,,
國際貿易契約,contract of international trade,國際貿易契約,,,,,,,,,,,,
國際買賣契約,international contract for sale,國際買賣契約,,,,,,,,,,,,
諾成契約,consensual contract,諾成契約,,,,,,,,,,,,
契約成立,agreement of contract,契約的合意,essence of contract,契約成立要件,,,,,,,,,,
意思表示,expressed intention,意思表示,,,,,,,,,,,,
合意,agreement,合意,,,,,,,,,,,,
提付仲裁,give to judicial arbitration,交付司法仲裁,,,,,,,,,,,,
仲裁中斷時效,interrupt the running of the statute of limitation,中斷時效,,,,,,,,,,,,
仲裁中斷時效時點,time of interruption,中斷時間,,,,,,,,,,,,
仲裁繫屬,arbitral jurisdiction,仲裁的管轄,,,,,,,,,,,,
仲裁繫屬時點,time of arbitral jurisdiction,仲裁管轄的時點,,,,,,,,,,,,
程序選擇權,right of choice of proceeding,程序的選擇權,,,,,,,,,,,,
聯合國,united nations,聯合國,,,,,,,,,,,,
國際商務仲裁模範法,model law on international commercial arbitration,國際商務仲裁模範法,,,,,,,,,,,,
代理,angency,代理,angent,代理人,authority of angency,代理權,,,,,,,,
自己名義,principal,當事人,,,,,,,,,,,,
契約當事人,party concerned of contract,契約的當事人一方,party concerned,當事人,,,,,,,,,,
D/P條件付款,Documents against Payments,付款交單,Documents against Payment at sight,即期付款交單,Documents against Payment after sight,遠期付款交單,,,,,,,,
提單,a bill of lading,載貨證券,marine bill of lading,海運提單,,,,,,,,,,
載貨證券,a bill of lading,提單,,,,,,,,,,,,
證券文義性,the facts concerning the carriage are determined by the tenor of the bill of lading,運送事項依提單之記載,,,,,,,,,,,,
繳還證券,return the bill,歸還證券,,,,,,,,,,,,
繳回證券,return the bill,歸還證券,,,,,,,,,,,,
擔保書,surety-bond,擔保書,guarantee contract,擔保契約,,,,,,,,,,
FOB,free on board,離岸(價格),,,,,,,,,,,,
背面制式條款,the clause in back side,背面條款,,,,,,,,,,,,
定型化,adhesion,定型化,adhesion contract,定型化契約,,,,,,,,,,
危險負擔之移轉,transfer risk-taking,移轉危險負擔,,,,,,,,,,,,
瑕疵,defect,瑕疵,,,,,,,,,,,,
國際貿易慣例,customary practice in international commercial transaction,國際商業交易慣例,,,,,,,,,,,,
國際交易習慣,customary practice in international commercial transaction,國際商業交易慣例,,,,,,,,,,,,
託運人,shipper,託運人,,,,,,,,,,,,
運送人,carrier,運送人,,,,,,,,,,,,
受貨人,cargo accepter ,貨物領受人,,,,,,,,,,,,
承攬運送契約,contarct of carriage work,承攬運送契約,,,,,,,,,,,,
電報放貸,telegraphic loans,電報的貸款,,,,,,,,,,,,
Telex Release,Telex Release(surrendered bill of lading),收貨人憑“電放提單”傳真件提貨,surrendered (surrendered bill of lading),在目的港由托運人指定的收貨人憑身份提貨,,,,,,,,,,
海上貨運單,marine waybill,海上貨運單,shipping document,貨運單據,,,,,,,,,,
國際商務,international commerce,國際商務,,,,,,,,,,,,
國際貿易,international trade,國際貿易,international commerce,國際商務,,,,,,,,,,
性交易,prostitution,,,,,,,,,,,,,
嫖客,brothel frequenter,,,,,,,,,,,,,
賣淫,prostitute,,,,,,,,,,,,,
散布性交易訊息,spreading messages of the sexual transaction,,,,,,,,,,,,,
錯誤,error,,mistake,,,,,,,,,,,
合意性交,agreement,合意,,,,,,,,,,,,
所知所犯,mistake,,,,,,,,,,,,,
加重要件,aggravated resulting crime,加重結果犯,,,,,,,,,,,,
未滿十四歲,less than 14,,under the age of 14,,,,,,,,,,,
乘機性交,intercourse with a unconcious person,,,,,,,,,,,,,
乘機猥褻,obscenity with a unconcious person,,,,,,,,,,,,,
違反被害人意願,against the victim's will,,,,,,,,,,,,,
不能或不知抗拒,incapable to resist,不能抗拒,,,,,,,,,,,,
合意猥褻,consentual obscenity,,,,,,,,,,,,,
智能障礙,intellectual disability,,mental retardation,,,,,,,,,,,
對價,quid-pro-quo,,price,,thing received,,,,,,,,,
未滿十六歲,less than 16,,under the age of 16,,,,,,,,,,,
性行為同意能力,capable to consent,,,,,,,,,,,,,
強制猥褻未遂,attempt to forcible sexual intercourse,,,,,,,,,,,,,
強制猥褻致死,compulsory indecency cause death,,,,,,,,,,,,,
陽台墜樓,fall down from the balcony ,,,,,,,,,,,,,
結合犯,integrative offense,,,,,,,,,,,,,
時間空間密接性,proximate,,,,,,,,,,,,,
行為掌控,under the control,,,,,,,,,,,,,
臨時起意,temporary intention,,,,,,,,,,,,,
利用權勢,abuse the power,,,,,,,,,,,,,
利用機會,abuse the opportunity,,,,,,,,,,,,,
教育關係,educational relationship,,,,,,,,,,,,,
權力支配,under his power or control,,,,,,,,,,,,,
強制性交,forcible rape,,,,,,,,,,,,,
施用詐術性交,intercourse by deception,,,,,,,,,,,,,
民俗療法,folk medicine,,,,,,,,,,,,,
違反意願,against the will,,,,,,,,,,,,,
喪失自己之意思,involuntary,,,,,,,,,,,,,
依賴甚深,depend on ,,,,,,,,,,,,,
不敢抗拒,hard to resist,,,,,,,,,,,,,
壓迫性情境,compelling conditon ,,,,,,,,,,,,,
低度強制手段,low-level threaten means,,,,,,,,,,,,,
改變運勢,change the fortune,,,,,,,,,,,,,
恐嚇,extortion,,,,,,,,,,,,,
詐欺,fraud,,,,,,,,,,,,,
陰陽交合,intercourse,性交,,,,,,,,,,,,
自身迷信,superstitious,,,,,,,,,,,,,
違反其意願之方法,against the will,,,,,,,,,,,,,
脅迫,threaten,,,,,,,,,,,,,
自願,voluntary ,,,,,,,,,,,,,
強拍裸照,force to take nude pictures,,,,,,,,,,,,,
法律變更,modification,,change,,alteration,,,,,,,,,
十四歲以下,under the age of 14,,,,,,,,,,,,,
加重強制性交,forcible sexual intercourse,,,,,,,,,,,,,
對精神、身體障礙或其他心智缺陷之人犯之,to mental retarded or physical incapable persons,,,,,,,,,,,,,
不確定故意,knowingly,,,,,,,,,,,,,
以藥劑犯之,by medicine or drug,,,,,,,,,,,,,
著手之認定,the test to attempts,,,,,,,,,,,,,
對被害人施以凌虐,torture the vitim,,,,,,,,,,,,,
加重強制猥褻,aggravated forcible obscenity,,,,,,,,,,,,,
利用駕駛大眾運輸交通工具之機會,by public transportation,,,,,,,,,,,,,
攜帶兇器,armed,,,,,,,,,,,,,
使用兇器,use the weapon,,,,,,,,,,,,,
殺傷力,lethality,,,,,,,,,,,,,
玩具手槍,toy gun,,toy pistol,,,,,,,,,,,
二人以上共同犯之者,commit crime with more than two persons,,,,,,,,,,,,,
輪姦罪,gang rape,,,,,,,,,,,,,
共同正犯,joint principal offender,,,,,,,,,,,,,
新舊法割裂適用,seperated application of latter and former acts,,,,,,,,,,,,,
有利原則,favorable principle,,the law favorable to the plaintiff,有利原告原則,principle of for the defendant,有利被告原則,,,,,,,,
從輕原則,the principle of lighter punishment,,,,,,,,,,,,,
連續犯,continuing offence,,,,,,,,,,,,,
未滿十四歲男女之身心發展利益,the development interest of the youth under fourteen,,,,,,,,,,,,,
間接故意,indirect intention,,indirect intent,,,,,,,,,,,
侵入住宅,trespass,,trespass on the residences,,trespass on the dwelling,,,,,,,,,
亙時性,time-continuity,,,,,,,,,,,,,
法條競合,merge,,,,,,,,,,,,,
想像競合,merge,,,,,,,,,,,,,
滿足性慾,to satisfy the sexuality,,sexual gratification,,,,,,,,,,,
強吻案,the case of kiss-ravishment,,the case of ravishing a kiss,,,,,,,,,,,
親吻,kiss,,,,,,,,,,,,,
猥褻,obscenity,,indecency,,,,,,,,,,,
強制猥褻,compulsory obscenity,,,,,,,,,,,,,
傾向犯,crime of tendency,,,,,,,,,,,,,
性意涵,implication of sex,,,,,,,,,,,,,
身體接觸,body contact,,,,,,,,,,,,,
自慰,masturbation,,,,,,,,,,,,,
阻卻構成要件同意,mistake of fact defense,錯誤,,,,,,,,,,,,
詐術,fraudulent means,,,,,,,,,,,,,
裸照,nude,,naked pictures,,,,,,,,,,,
同意瑕疵,fault consent,,defect consent,,,,,,,,,,,
襲胸,chest-raids,,,,,,,,,,,,,
性騷擾,sexual harassment,,,,,,,,,,,,,
低強制程度,low compulsory extent,,low forcible degree,,,,,,,,,,,
強制手段,compulsory means,,,,,,,,,,,,,
勘驗,inspection,勘驗,,,,,,,,,,,,
在場權,right to presence,在場權,right of presence,在場權,right to be present,在場權,,,,,,,,
辯護人,defense attorney,辯護人,,,,,,,,,,,,
勘驗筆錄,inspection and written statement,勘驗與筆錄,inspection and record,勘驗與筆錄,,,,,,,,,,
法官助理,law clerk,法官助理,,,,,,,,,,,,
證人之訊問,examination of a witness,證人訊問,interrogation of a witness,證人之訊問,,,,,,,,,,
不正之方法,undue method,不正方法,improper means ,不正之方法,,,,,,,,,,
任意性,voluntariness,任意性,,,,,,,,,,,,
全程連續錄音,record the whole proceeding without interruption in audio,全程連續錄音,,,,,,,,,,,,
警詢筆錄,written statement of interrogation(examination) by police officer,警詢筆錄,record of interrogation(examination) by police officer,警詢筆錄,,,,,,,,,,
證人之詢問,examination of a witness,證人訊問/詢問,interrogation of a witness,證人之詢問/訊問,,,,,,,,,,
比例原則,principle of proportionality,比例原則,,,,,,,,,,,,
告知義務,duty of disclosure,告知義務,obligation to inform,告知義務,duty to inform,告知義務,,,,,,,,
詐欺取得自白,confession obtained through fraudulent,詐欺取得自白,,,,,,,,,,,,
證據能力,admissibility of evidence,證據能力(證據地可接納性),qualification of evidence,證據能力,,,,,,,,,,
選任辯護,retention of a defense attorney,選任辯護人,retain defense attorneys,選任辯護人,,,,,,,,,,
搜索扣押,search and seizure,搜索與扣押,,,,,,,,,,,,
同意搜索,search with the voluntary consent of the person being searched,同意搜索,,,,,,,,,,,,
相驗,examination,相驗,,,,,,,,,,,,
證據證明力,probative value of evidence,證據證明力,,,,,,,,,,,,
機關鑑定,an expert examination made by an establishment,機關所做之鑑定,an expert examination made by an authority,機關所做之鑑定,,,,,,,,,,
鑑定,expert examination,鑑定,expert opinion,鑑定,,,,,,,,,,
違法搜索,unlawful search,違法搜索,illegal search,違法搜索,,,,,,,,,,
誘捕偵查,entrapment investigation,誘捕偵查,,,,,,,,,,,,
陷害教唆,circumvention instigation,陷害教唆,agent provocateur,陷害教唆,,,,,,,,,,
機會提供,give opportunities,給予機會,offer opportunities,提供機會,,,,,,,,,,
犯意誘發,inducement of criminal intent,犯意誘發,enticement of criminal intent,犯意誘發,,,,,,,,,,
令狀原則,writ ,,,,,,,,,,,,,
搜索票,search warrant,搜索票,,,,,,,,,,,,
違法蒐集證據,collecting evidence illegally/unlawfully,違法蒐集證據,,,,,,,,,,,,
無令狀搜索,warrantless search,無令狀搜索,,,,,,,,,,,,
附帶搜索,ancillary search,附帶搜索,search incident to arrest,附帶搜索,,,,,,,,,,
逕行搜索,search without a warrant,逕行搜索,without a searh warrant,逕行搜索,,,,,,,,,,
臨檢,examination,臨檢,inspection,臨檢,roadside check,臨檢盤查,stop check,臨檢,visit and check,臨檢,,,,
盤查,interrogate,盤查,investigate,盤查,roadside check,臨檢盤查,stop frisk,盤查,,,,,,
查證,investigation of evidence,調查證據,examination of evidence,查證,,,,,,,,,,
自願性同意,voluntary consent,自願性同意,,,,,,,,,,,,
非依法定程序,in violation of the procedure prescribed by the law ,違背法定程序,violate the legal procedure (violation of legal procedure),違背法定程序,,,,,,,,,,
逾期監聽,overdue wiretapping,逾期監聽,,,,,,,,,,,,
證據排除原則,exclusionary rules,證據排除法則,,,,,,,,,,,,
私人取證,evidence obtained by individual,私人取證,evidence collected by individual,私人取證,,,,,,,,,,
法規範一致性說,coherence of legal norms,法規範一致性,,,,,,,,,,,,
秘密通訊自由,freedom of secret communication,秘密通訊自由,freedom of communication,通訊自由,,,,,,,,,,
通訊監察,communication interception,通訊監察,communication monitoring,通訊監察,,,,,,,,,,
監聽,wiretapping,監聽,eavesdropping,監聽,audit and inspection,監聽,,,,,,,,
能預見,foreseeability,,,,,,,,,,,,,
客觀主義,objectivism,,,,,,,,,,,,,
客觀主義規範,regulations of objectivism,,,,,,,,,,,,,
特殊犯罪類型,special crime pattern,,special crime category,,,,,,,,,,,
結果責任主義,absolute liability,絕對責任主義,,,,,,,,,,,,
準因果關係,quasi-causation,,quasi-causal relationship,,quasi-causality,,,,,,,,,
假設因果關係,assumed causal nexus,,,,,,,,,,,,,
擬制因果關係,simulated causal nexus,,,,,,,,,,,,,
防止危險發生之義務,the duty to prevent damage-happening,,,,,,,,,,,,,
過失不純正不作為犯,criminal of negligent non-typical omission,,,,,,,,,,,,,
重傷未遂,attempt to commit sever injury,, unaccomplished offense of severe injury,,,,,,,,,,,
基本行為,basic conduct,,,,,,,,,,,,,
重傷害致死,serious injury to death,,,,,,,,,,,,,
基本行為未遂,attempt of basic conduct,,,,,,,,,,,,,
重傷害之犯意聯絡,the liaision of criminal intent of serous injury,,,,,,,,,,,,,
故意犯,intentional offense,,,,,,,,,,,,,
預見之可能,the possibility of foreseeability,,,,,,,,,,,,,
傷害致人於死,injury to death,,,,,,,,,,,,,
必然性,inevitability,,,,,,,,,,,,,
相當性,equivalence,相當,,,,,,,,,,,,
直接關聯性,direct correlation,,,,,,,,,,,,,
必然因果關係,inevitable causation,,,,,,,,,,,,,
直接因果關係,direct causation,,,,,,,,,,,,,
特殊的危險關連,special relevance of danger,,,,,,,,,,,,,
科刑,sentence,,,,,,,,,,,,,
量刑,sentencing,,,,,,,,,,,,,
未必故意,indirect intention/intent,,,,,,,,,,,,,
具體情狀,specific situation,,,,,,,,,,,,,
綜合判斷,comprehensive judgment,,,,,,,,,,,,,
故意,intent,,,,,,,,,,,,,
行為客體,object,,,,,,,,,,,,,
累積故意,cumulative intent,,,,,,,,,,,,,
概括故意,general intent/intention,,,,,,,,,,,,,
擇一故意,alternative intention/intent,,dolus alternativus,,,,,,,,,,,
不作為,act of omission,,,,,,,,,,,,,
不作為故意,intent to act of omission,,,,,,,,,,,,,
純正不作為,typical omission,,,,,,,,,,,,,
不純正不作為,non-typical omission,,,,,,,,,,,,,
純正不作為犯,typical omission offense,,,,,,,,,,,,,
不純正共同正犯,non-typical joint principal offense,,medical business,,medical operations,,,,,,,,,
不純正不作為犯,non-typical omission offense,,,,,,,,,,,,,
殺人行為,homicide,,,,,,,,,,,,,
殺意,intention of homicide,,,,,,,,,,,,,
外在表徵,explicit characterization,,table,,,,,,,,,,,
外顯行為,explicit body activities,,,,,,,,,,,,,
希望主義,doctrine of expectation,,,,,,,,,,,,,
直接故意,intention,,,,,,,,,,,,,
殺人決意,intention of homicide,,,,,,,,,,,,,
殺人動機,motivation of homicide,,,,,,,,,,,,,
善後行為,clean up ,,,,,,,,,,,,,
間接故意,knowingly,,,,,,,,,,,,,
傷害致死,death resulting from bodily injury,,,,,,,,,,,,,
準備行為,preparation,,,,,,,,,,,,,
實施行為,acting,,,,,,,,,,,,,
過失,negligence,,,,,,,,,,,,,
認識,recognition,,awareness,,,,,,,,,,,
有認識過失,negligence with recognition,,,,,,,,,,,,,
無認識過失,negligence without recognition,,,,,,,,,,,,,
意欲,desire,,,,,,,,,,,,,
監督,supervise,,,,,,,,,,,,,
信賴原則,the principle of reliance,,,,,,,,,,,,,
實害風險,risk of substantive damage,,,,,,,,,,,,,
醫療分工,division of medical labor,,,,,,,,,,,,,
醫療行為,medical conduct,,,,,,,,,,,,,
醫療業務,medical affairs,,medical business,,medical operations,,,,,,,,,
醫療過失,medical negligence ,,,,,,,,,,,,,
醫療分工行為,the conduct of division of medical labor,,,,,,,,,,,,,
醫療行為準則,principal of medical conducts/behaviors,,,,,,,,,,,,,
醫療垂直分工,vertical division of medical labor,,,,,,,,,,,,,
醫療業務行為,business conduct of medical treatment,,,,,,,,,,,,,
醫療輔助行為,assisted conduct of medical treatment,,,,,,,,,,,,,
組織性醫療團隊,organized medical team,,,,,,,,,,,,,
指揮,command,,,,,,,,,,,,,
風險,risk,,,,,,,,,,,,,
消極不作為,omission,,,,,,,,,,,,,
未成年人,minor,,under age,,,,,,,,,,,
合意性交,consentual intercourse,,,,,,,,,,,,,
不確定故意,knowingly,,,,,,,,,,,,,
客觀歸責,objective imputation,,objective incrimination,,,,,,,,,,,
風險實現,realization of risk,,,,,,,,,,,,,
客觀歸責理論,theory of objective imputation,,,,,,,,,,,,,
相當因果關係,equivalent causation,,,,,,,,,,,,,
法所不容許之風險,risk unallowed by law,,risks that the laws do not allow,,,,,,,,,,,
法律所不容許之風險,risk unallowed by law,,risks that the laws do not allow,,,,,,,,,,,
自我負責原則,rule of self-responsibility,,,,,,,,,,,,,
危險源,sources of danger,,,,,,,,,,,,,
保證人,guarantor,,,,,,,,,,,,,
不作為犯,omission,,,,,,,,,,,,,
防止義務,duty of prevention,,,,,,,,,,,,,
法令規定,regulation of law,,,,,,,,,,,,,
監督義務,duty of supervision,,,,,,,,,,,,,
共同生活體,community,,association,,,,,,,,,,,
危險共同體,risk community,,,,,,,,,,,,,
危險前行為,previous act which created the dangerous condition,,,,,,,,,,,,,
法令之規定,regulation of law,,,,,,,,,,,,,
保證人地位,legal status of guarantor,,,,,,,,,,,,,
契約之規定,rule of contract,,,,,,,,,,,,,
商品製造人,producer,,manufacturer ,,,,,,,,,,,
密切的生活關係,closed life relationship,,,,,,,,,,,,,
緊密之生活關係,closed life relationship,,,,,,,,,,,,,
自願承擔保護義務,bear the obligation of protection voluntarily ,,,,,,,,,,,,,
法律上有防止之義務,obligation of prevention,法律上的防止義務,,,,,,,,,,,,
業務,business,,profession,,,,,,,,,,,
主要業務,principal business,,principal profession,,,,,,,,,,,
附隨業務,accompanying business,,,,,,,,,,,,,
特別義務,special obligation,,,,,,,,,,,,,
業務過失,negligence of business,,,,,,,,,,,,,
準備工作,preparatory work,,,,,,,,,,,,,
輔助事務,aiding affair,,,,,,,,,,,,,
直接密切之關係,directly closed relationship,,,,,,,,,,,,,
客體擇一,exclusive object,,,,,,,,,,,,,
單一故意,single intention,,,,,,,,,,,,,
構成要件擇一,alternative components,擇一的構成要件,,,,,,,,,,,,
錯誤,mistake,錯誤,,,,,,,,,,,,
目標客體,object,客體,objective,客體,,,,,,,,,,
阻卻故意,obstruction of intention,,,,,,,,,,,,,
客體錯誤,mistake of object ,,,,,,,,,,,,,
實害客體,harmful object,,,,,,,,,,,,,
構成要件錯誤,mistake of components,,,,,,,,,,,,,
等價的客體錯誤,equivalent mistake of object,,,,,,,,,,,,,
不等價的客體錯誤,inequivalent mistake of object,,,,,,,,,,,,,
洗錢,money laundering,,,,,,,,,,,,,
幫助犯,abettor,,,,,,,,,,,,,
人頭帳戶,dummy account,,borrowed account,,nominal account,,,,,,,,,
收購帳戶,purchased account,,,,,,,,,,,,,
金融帳戶,account,一般帳戶,,,,,,,,,,,,
確定故意,determined intention,,,,,,,,,,,,,
無相當信任關係,no corresponding trusted relationship,,,,,,,,,,,,,
決意,intention,,,,,,,,,,,,,
明知,knowingly,,,,,,,,,,,,,
動機,motive,,,,,,,,,,,,,
意圖,intent,,,,,,,,,,,,,
預見,foresee,,,,,,,,,,,,,
任其發生,accept,,,,,,,,,,,,,
使其發生,cause,,,,,,,,,,,,,
意圖故意,intention,,,,,,,,,,,,,
意圖犯,intentional offenses,,,,,,,,,,,,,
目的犯,intentional offenses,,,,,,,,,,,,,
原動力,motivity,,,,,,,,,,,,,
不法意圖,unlawful purpose,,illegal purpose,,,,,,,,,,,
特殊主觀構成要件,Mens rea,主觀構成要件,,,,,,,,,,,,
方法錯誤,mistake of fact,,,,,,,,,,,,,
打擊錯誤,strike mistake,,,,,,,,,,,,,
想像競合,merge,,,,,,,,,,,,,
因果歷程錯誤,error of causation,因果關係的錯誤,,,,,,,,,,,,
交通規則,traffic rule,,,,,,,,,,,,,
注意義務,duty of care,,,,,,,,,,,,,
社會相當性,equivalence of society,,,,,,,,,,,,,
合理分配風險,allocate the risk reasonably,,,,,,,,,,,,,
風險合理分配,reasonable risk allocation ,,,,,,,,,,,,,
特別注意義務,special duty of care,,,,,,,,,,,,,
加重結果,aggravated result,,,,,,,,,,,,,
犯意聯絡,conspire,共謀,,,,,,,,,,,,
共同正犯,joint principal,,,,,,,,,,,,,
加重結果犯,offense of aggravated result,,,,,,,,,,,,,
預見可能性,possibility of foreseeability,,,,,,,,,,,,,
知欲併存,knowingly and willfully,,,,,,,,,,,,,
構成要件認識的錯誤,error of recognition of components,,,,,,,,,,,,,
容認,acceptance,,,,,,,,,,,,,
容認說,theory of acceptance,,,,,,,,,,,,,
容認心態,mentality of acceptance,,,,,,,,,,,,,
因果關係,causation,,,,,,,,,,,,,
經驗法則,rule of thumb,,,,,,,,,,,,,
基本犯罪行為,basic criminal act,,,,,,,,,,,,,
客觀預見可能,possibility of objective foreseeability,客觀預見可能性,,,,,,,,,,,,
作為,act,,action,,,,,,,,,,,
故意過失,intention/negligence,,,,,,,,,,,,,
消極行為,negative act,,,,,,,,,,,,,
積極行為,positive act,,,,,,,,,,,,,
法律上防止義務,legal obligation of prevention,,,,,,,,,,,,,
輕過失,recklessness,,recklessly,,,,,,,,,,,
罪責原則,principle of culpability,,,,,,,,,,,,,
主觀上未預見,subjectively unforeseeable,主觀上不可預見,,,,,,,,,,,,
客觀上可能預見,objectively foreseeable,客觀上可預見,,,,,,,,,,,,
客觀預見可能性,possibility of objective foreseeability,,,,,,,,,,,,,
積極的作為義務,positive obligation of act,,,,,,,,,,,,,
防止結果發生之義務,obligation to prevent the result of occurrence,,,,,,,,,,,,,
消極不防止之不作為,omission for not preventing negatively,,,,,,,,,,,,,
過失致死,cause death negligently ,,,,,,,,,,,,,
過失致傷,cause injury negligently ,,,,,,,,,,,,,
法律所不容許的風險,the risk which is not accepted by law,,,,,,,,,,,,,
偏離常軌的因果關係,abnormal causation,不正常的因果關係,,,,,,,,,,,,
特定目的,specific purpose,,,,,,,,,,,,,
對稱原則,principle of symmetry,,,,,,,,,,,,,
犯罪之目的,purpose of crime,,,,,,,,,,,,,
一般主觀構成要件,Mens rea,主觀構成要件,,,,,,,,,,,,
業務員之詐騙行為,Clerk of fraud,,,,,,,,,,,,,
非業務員之詐騙行為,Non-sales fraud,,,,,,,,,,,,,
業務員之非法全權委託,Sales of illegal discretionary,,,,,,,,,,,,,
書面委任授權,To appoint authorized in writing,,,,,,,,,,,,,
業務員作獲利之保證,Salesman to do the profit guarantee,,,,,,,,,,,,,
業務員約定分享利益或共同承擔,The salesman agreed to share interests or shared ,,,,,,,,,,,,,
期貨仲介,Futures brokers ,,,,,,,,,,,,,
招攬行為(sale),Solicitation ,,,,,,,,,,,,,
外幣保證金交易,Foreign Currency Margin Trading,,,,,,,,,,,,,
期貨交易輔助人,futures introducing broker ,,,,,,,,,,,,,
其他服務事業,other services enterprises  ,,,,,,,,,,,,,
相當因果關係,proximate causal relation,,,,,,,,,,,,,
保護他人之法律,statutory provision enacted for the protection of others ,,,,,,,,,,,,,
不當得利,unjust enrichment,,,,,,,,,,,,,
全權委託,Discretionary,,,,,,,,,,,,,
代客操作,Discretionary Margin Trading ,,,,,,,,,,,,,
獲利保證,profit guarantee ,,,,,,,,,,,,,
承擔損失,share loss ,,,,,,,,,,,,,
相當因果關係 （同）,proximate causal relation ,,,,,,,,,,,,,
僱用人責任,Hiring responsibilities,,,,,,,,,,,,,
執行職務,perform one's duty,,performance of duty,,execution of duty,,,,,,,,,
業務員,Associated Persons ,,,,,,,,,,,,,
開戶程序,The account opening process ,,,,,,,,,,,,,
消費者,Consumer ,,,,,,,,,,,,,
期貨商,Futures Commission Merchants,,,,,,,,,,,,,
期貨交易人,Futures Trader,,,,,,,,,,,,,
保證金,deposit,,security deposit,,,,,,,,,,,
切結書,Affidavit,,,,,,,,,,,,,
入金確認作業辦法,Deposit to confirm the operating regulations,,,,,,,,,,,,,
不當得利 （同）,unjust enrichment,,,,,,,,,,,,,
保證獲利,the profitability of the fund are guaranteed  ,,,,,,,,,,,,,
相當因果關係,proximate causal relation,,,,,,,,,,,,,
權利保護必要,Discretionary Margin Trading  ,,,,,,,,,,,,,
代客操作 （同）,Discretionary Margin Trading  ,,,,,,,,,,,,,
盈虧各半,Gains and losses in half ,,,,,,,,,,,,,
取締規定,Ban provisions ,,,,,,,,,,,,,
買賣報告書,transaction statement ,,,,,,,,,,,,,
剩餘保證金,Remaining margin ,,,,,,,,,,,,,
未經授權擅自下單,Order without authorization ,,,,,,,,,,,,,
僱用人責任 （同）,Hiring responsibilities,,,,,,,,,,,,,
回復原狀,restoration,,recovery,,,,,,,,,,,
損害計算,compensate for damages,,,,,,,,,,,,,
書面授權,authority,,,,,,,,,,,,,
無權代理,unauthorized agency,,unauthorized representation,,subrogation,,,,,,,,,
客戶保證金專戶,exclusive customer margin/ premium account ,,,,,,,,,,,,,
全權委託,discretionary ,,,,,,,,,,,,,
相當因果關係,proximate causal relation,,,,,,,,,,,,,
非合格業務員作獲利之保證,Non-qualified sales profit guarantee ,,,,,,,,,,,,,
業務員約定分享利益或承擔損失,The salesman agreed to share the benefits or bear the loss ,,,,,,,,,,,,,
期貨仲介,Futures brokers,,,,,,,,,,,,,
外匯保證金交易,Trading foreign exchange on margin,,,,,,,,,,,,,
槓桿保證金契約,Leverage Contract,,,,,,,,,,,,,
期貨經理事業,Managed Futures Enterprises,,,,,,,,,,,,,
期貨顧問事業,futures advisory enterprise,,,,,,,,,,,,,
其他期貨服務事業,other futures services enterprises,,,,,,,,,,,,,
期貨交易輔助人 （同上）,futures introducing broker,,,,,,,,,,,,,
期貨商業務員,associated persons of futures commission merchant,,,,,,,,,,,,,
作獲利保證,Make a profit guarantee,,,,,,,,,,,,,
期貨商人員之禁止行為,Prohibited acts for staff of Futures commission merchants,,,,,,,,,,,,,
期貨業務員,futures associated person ,,,,,,,,,,,,,
授權書,letters of authorization ,,,,,,,,,,,,,
全權委託 （同上）,Discretionary,,,,,,,,,,,,,
分享利益,share profit,,,,,,,,,,,,,
共同承擔損失,make a commitment to a futures trader to share loss ,,,,,,,,,,,,,
聚眾賭博,assembles person to gamble ,,,,,,,,,,,,,
地下台股期貨交易,Underground TAIEX futures ,,,,,,,,,,,,,
台灣期貨交易所,Taiwan Futures Exchange ,,,,,,,,,,,,,
對作,Bucketing ,,,,,,,,,,,,,
期貨商,Futures Commission Merchants ,,,,,,,,,,,,,
期貨契約,Futures Contract ,,,,,,,,,,,,,
期貨交易業務,Futures business,,,,,,,,,,,,,
未至期貨交易所下單,Not order in Futures Exchange ,,,,,,,,,,,,,
空中交易,Airborne transaction ,,,,,,,,,,,,,
台股指數期貨交易,Taiwan stock index futures,,,,,,,,,,,,,
期貨仲介,Futures brokers,,,,,,,,,,,,,
外匯保證金交易 （同上）,Trading foreign exchange on margin,,,,,,,,,,,,,
槓桿保證金契約 （同）,Leverage Contract,,,,,,,,,,,,,
期貨服務事業,futures services enterprises,,,,,,,,,,,,,
期貨經理事業  （同）,Managed Futures Enterprises,,,,,,,,,,,,,
期貨顧問事業 （同）,futures advisory enterprise,,,,,,,,,,,,,
其他期貨服務事業 （同）,other futures services enterprises,,,,,,,,,,,,,
詐欺,Fraud,,,,,,,,,,,,,
期貨交易所,Futures Exchange,,,,,,,,,,,,,
期貨結算機構,Futures Clearing Houses,,,,,,,,,,,,,
台指期貨交易,TAIEX futures trading ,,,,,,,,,,,,,
期貨經理事業,Managed Futures Enterprises,,,,,,,,,,,,,
期貨服務事業,futures services enterprises,,,,,,,,,,,,,
全權委託,discretionary ,,,,,,,,,,,,,
代客操作,Discretionary Margin Trading,,,,,,,,,,,,,
期貨業務員,futures associated person  ,,,,,,,,,,,,,
期貨商受僱人,Servant by Futures commission merchants,,,,,,,,,,,,,
招攬行為,Solicitation,,,,,,,,,,,,,
比例原則,principle of proportionality ,,,,,,,,,,,,,
外國期貨商,foreign futures commission merchant  ,,,,,,,,,,,,,
期貨顧問事業,futures advisory enterprise,,,,,,,,,,,,,
期貨服務事業 （同上）,futures services enterprises,,,,,,,,,,,,,
一事不二罰原則,Principle of No Double Jeopardy,,,,,,,,,,,,,
仲介,introducing brokerage,,,,,,,,,,,,,
外匯保證金交易 （同上）,Trading foreign exchange on margin,,,,,,,,,,,,,
開戶,To open a new account,,,,,,,,,,,,,
風險告知,inform the customer of the nature and potential risks of its futures trust fund,,,,,,,,,,,,,
溯及既往,retroactivity,追溯效力,retroactive,溯及以往的,retroactively,追溯地,,,,,,,,
類推適用,analogical reasoning,類推適用,reason by analogy,類推適用,analogous application of a certain rule,類推適用,,,,,,,,
法理,jurisprudence,法理,legal principles/legal theory,法理,basic rules of a legal system,法理,,,,,,,,
土地房屋同屬一人,the land and the house belong to the same owner,土地房屋同屬一人,,,,,,,,,,,,
買賣不破租賃,no break of lease with bargain,買賣不破租賃,no break of lease with bargain and outlet,買賣不跛租賃,,,,,,,,,,
未定期限租賃契約,periodic tenancy agreement,不定期租賃契約,tenancy at will,不定期租賃契約,tenancy agreement without ending date,未定期限租賃契約,,,,,,,,
未公證租賃契約,unnotarized tenancy agreement,未公證租賃契灼,unnotarized rental agreement,未公證租賃契約,,,,,,,,,,
優先承買權,a first right to buy,優先承買權,the right of first purchasing,優先承買權,,,,,,,,,,
土地法,Land Act,土地法,Land Law,土地法,,,,,,,,,,
租用基地,to rent a building site,租用基地,to rent a construction site,租用建築基地,,,,,,,,,,
違章建築,squatter house,違章建築,,,,,,,,,,,,
保存登記,initial registration of building ownership,"建築物第一次所有權登記,俗稱建物保存登記",,,,,,,,,,,,
轉租,to sublease,轉租,to sublet,轉租,,,,,,,,,,
租賃權讓與,an assignment of a lease,租賃權讓與,transfer of tenancy right,租賃權讓與,,,,,,,,,,
讓與租賃權,to transfer tenancy rights,讓與租賃權,to assign the tenancy rights,讓與租賃權,,,,,,,,,,
債權讓與,assignment of the claim,債權讓與,to transfer a claim of an obligation,讓與債權,the transfer of debt,債權讓與,the assignment of creditors' rights,債權讓與,,,,,,
契約承擔,agree to assume the obligation,契約承擔,,,,,,,,,,,,
自任耕作,cultivation by oneself,自任耕作,cultivation done by the landowner,自任耕作,owner-cultivation,自耕,,,,,,,,
承租人,lessee,承租人,tenant,承租人,,,,,,,,,,
失火責任,responsibility for the fire,失火責任,responsibility for the outbreak of the fire,失火責任,,,,,,,,,,
重大過失,gross negligence,重大過失,major negligence,重大過失,major fault,主要過失責任,great mistakes,重大錯誤,,,,,,
特約排除,to exclude through special agreement,特約排除,to exclude by special terms,以特別條款排除,,,,,,,,,,
租賃物毀損滅失,the lease item is damaged or lost,租賃物毀損滅失,the leased property is destroyed or lost,租賃物毀損滅失,,,,,,,,,,
使用借貸,loan for use,使用借貸,a lender-borrower relationship,使用借貸關係,commondatum,使用借貸之拉丁文,,,,,,,,
誠信原則,principle of honesty and good faith,誠信原則,principle of honesty,誠信原則,principle of honesty and integrity,誠信原則,,,,,,,,
權利濫用,abuse of right,權利濫用,misuse of right,權利濫用,ill-usage of rights,權利濫用,,,,,,,,
推定租賃關係,inferred lease relations,推定租賃關係,inferred rental relationship,推定租賃關係,,,,,,,,,,
土地使用同意書,letter of consent for the land use,土地使用同意書,letter of consent for permission to use the land,土地使用同意書,,,,,,,,,,
押租金,the rental bond,租賃保證金,the rental and the deposit,租金與押金,the rental and the security deposit,租金與押金,the rental and the cleaning deposit,租金與押金,,,,,,
租金之預付,rent prepaid,租金預付,,,,,,,,,,,,
要物契約,real contract,要物契約,,,,,,,,,,,,
從契約,accessory contract,從契約,,,,,,,,,,,,
收回自住,to take the house for his/her own residence,收回自住,recovery of house,收回自住,to reclaim the house,收回自住,house resumption,收回自住,,,,,,
重新建築,to rebuild,改建,reconstruct,重建,,,,,,,,,,
租賃,lease,租賃,rentability,租賃,,,,,,,,,,
不定期租賃,periodic tenancy agreement,不定期租賃契約,tenancy contract from period to period,不定期租賃契約,tenancy at will,不定期租賃,,,,,,,,
收回房屋,to take the house back,收回房屋,housing recovery,住宅收回,,,,,,,,,,
終止租約,to end the tenancy agreement,終止租約,to terminate the lease contract,終止租約,to terminate the lease agreement,終止租約,,,,,,,,
基地租賃,leases of building site,基地租賃,leases of construction site,建築基地租賃,,,,,,,,,,
公共安全,public safety,公共安全,,,,,,,,,,,,
公序良俗,public order or good morals,公序良俗,,,,,,,,,,,,
收回土地,land resupmtion,收回土地,recovery of land,土地收回,to reclaim the land,收回土地,to take the land back,收回土地,,,,,,
催告,public summons,公示催告,notification,催告（名詞）,to notify,催告（動詞）,notice,催告(名詞),to receive the request,受催告,,,,
定期催告,to give periodic past-due notification,定期催告,,,,,,,,,,,,
強制規定,Compulsory provisions,強制規定,mandatory requirements,強制規定,,,,,,,,,,
違法轉租,illegal sublease,違法轉租,illegal subletting,違法轉租,unlawful subletting,違法轉租,,,,,,,,
不自任耕作,tenant farming,承租人耕作,cultivation done by nonlandowners,不自任耕作,nonlandowner-cultivation,不自任耕作,,,,,,,,
農舍,cottage,農舍,farmhouse,農舍,,,,,,,,,,
積欠租金,the lesee has failed to pay the rental,承租人積欠租金,,,,,,,,,,,,
擔保金,the cash deposit,擔保金,deposit,擔保金,,,,,,,,,,
定期租賃,fixed-term tenancy,定期租賃,a fixed-term lease,定期租賃,,,,,,,,,,
營業用房屋,houses used for business,營業用房屋,houses used for business purposes,營業用房屋,houses for business,營業用房屋,,,,,,,,
租金限制,rent restriction,租金限制,rent limit,租金限制,,,,,,,,,,
房租之限制,rent restriction,房租限制,house rent limits,房租之限制,,,,,,,,,,
違約金,penalty,違約金,default penalty,違約金,fine ,違約金,,,,,,,,
相當於租金之不當得利,unjust enrichment equivalent to rental,相當於租金之不當得利,undue profit equivalent to the rent,相當於租金之不當得利,,,,,,,,,,
時效,Prescription ,時效,the period of limitation,時效,the valid period,有效期間,,,,,,,,
租地建屋,land-rent building,租地所建之屋,building lease,租地造屋之租賃,,,,,,,,,,
減少租金,to reduce the rental,減少租金,a reduction of rental,租金減少,reduction of the rental,減少租金,,,,,,,,
修繕義務,duty of repair,修繕義務,,,,,,,,,,,,
用益狀態之維持義務,obligation to keep the condition fitted for use and collection of profits,使用收益狀態之維持義務,,,,,,,,,,,,
用益狀態之提供義務,obligation to provide the condition fitted for use and collection of profits,用益狀態之提供義務,,,,,,,,,,,,
主觀瑕疵概念,the concept of subjective defects,主觀瑕疵概念,the concept of subjective flaws,主觀瑕疵概念,,,,,,,,,,
瑕疵,flaw,缺陷,blemish,瑕疵,defect,瑕疵,,,,,,,,
瑕疵擔保責任,the liabilities of warranty,瑕疵擔保責任,,,,,,,,,,,,
主給付義務,performance of the main obligation,主給付義務之履行,main payment obligation,主給付義務,main obligation,主給付義務,,,,,,,,
全部轉租,to sublet in whole,全部轉租,sublease in whole,全部轉租,,,,,,,,,,
一部轉租,to sublet in part,一部轉租,sublease in part,部分轉租,,,,,,,,,,
基地轉租,construction site sublease,基地轉租,building site sublease,基地轉租,,,,,,,,,,
房屋轉租,house and apartment subleases,房屋轉租,house sublease,房屋轉租,,,,,,,,,,
轉租房屋,to sublet a house,轉租房屋,to sublease a house,轉租房屋,,,,,,,,,,
優先承購權,a first right to buy,優先承買權,the right of first purchasing,優先承買權,,,,,,,,,,
應有部分,shares,應有部分,,,,,,,,,,,,
設定抵押權,a mortgage is created,抵押權被設定,to create a mortgage,設定抵押權,the creation of a mortgage,抵押權設定,,,,,,,,
拍賣,auction,拍賣,,,,,,,,,,,,
職務宿舍,staff dormitories,職務宿舍,presidential house,校長職務宿舍,,,,,,,,,,
職務官舍,official dormitory,職務官舍,,,,,,,,,,,,
使用借貸,Loan for Use ,使用借貸,,,,,,,,,,,,
使用目的完畢,the borrower had made use of it for the purposes of the loan,借貸人依借貨之目的使用完畢(民法第470條),,,,,,,,,,,,
當事人真意,real intention of the parties ,當事人真意,the true intent of the parties,當事人真意,the real intention of the parties,當事人真意,,,,,,,,
期限,deadline,"期限,截止日期",time limit,期限,,,,,,,,,,
使用目的,the purpose of use,使用目的,the purpose of designated use,指派的使用目的,,,,,,,,,,
不可預見,unexpected,不可預見的,unforseeable,不可預見的,,,,,,,,,,
自己需用,he or she needs the thing,自己需用(民法第472條),,,,,,,,,,,,
終止契約,to rescind the contract,終止契約,to terminate a contract,終止契約,,,,,,,,,,
正當事由,justified reasons,正當的理由,legitimate causes,合法的原因,valid reasons,有根據理由,,,,,,,,
權利濫用,abuse of right,權利濫用,ill-usage of right,權利濫用,misuse of rights,權利濫用,,,,,,,,
